UBIGEO,N_MERCADOS_2017,N_MERCADOS_2018,N_MERCADOS_2022,N_MERCADOS_2016,N_PUESTOS_VERDURAS_2016,MERCADOS CENAMA,"TIPO DE MERCADO (MAY, MIN, MIX)"
10101,3,3,3,3,85,"MERCADO YANCE,MERCADO MODELO,MERCADO MERCA CHACHA","MERCADO YANCE->2,MERCADO MODELO->2,MERCADO MERCA CHACHA->1"
10205,2,2,2,2,4,"MERCADO DE ABASTOS DE IMAZITA,MERCADO DE ABASTOS 25 DE MAYO DE CHIRIACO","MERCADO DE ABASTOS DE IMAZITA->2,MERCADO DE ABASTOS 25 DE MAYO DE CHIRIACO->2"
10201,1,1,1,1,5,MERCADO DE ABASTOS,MERCADO DE ABASTOS->3
10202,1,1,2,1,5,MERCADO DE ABASTOS DE ARAMANGO,MERCADO DE ABASTOS DE ARAMANGO->3
10110,1,1,1,1,10,MERCADO DE ABASTOS DE LEIMEBAMBA,MERCADO DE ABASTOS DE LEIMEBAMBA->2
10119,0,1,1,0,0,,
10104,0,0,0,0,0,,
10103,0,1,1,0,0,,
10112,0,0,0,0,0,,
10120,0,0,0,0,0,,
10108,0,0,0,0,0,,
10113,0,0,0,0,0,,
10117,0,0,0,0,0,,
10121,0,0,1,0,0,,
10114,0,0,0,0,0,,
10118,0,0,0,0,0,,
10109,0,0,0,0,0,,
10107,0,0,0,0,0,,
10102,0,0,0,0,0,,
10116,0,0,0,0,0,,
10203,0,0,1,0,0,,
10111,0,0,0,0,0,,
10115,0,0,0,0,0,,
10106,0,0,0,0,0,,
10204,0,0,0,0,0,,
10105,0,0,0,0,0,,
150132,118,118,118,118,"1,013","SANTA ROSA DE AMERICA,MERCADO LA CANTUTA,SUPERMERCADOS ZARATE,MERCADO LOS CHULPAS,LA FAMILIA,KAYPI,MERCADO NUEVO SAN JUAN,SAN PEDRO,MERCADO TRIANGULO,CENTRO COMERCIAL SAN BENITO,MINIMARKET DEL 5,MINIMERCADO GRAN CHIMU,MINIMARKET JUANITA,MERCADO CARMELITAS,MERCADO DE ISRAEL,SEÑOR DE LOS MILAGROS,LA RAMADITA,MINIMARKET LA AMISTAD,MERCADO SEÑOR DE LOS MILAGROS,MERCADO 8,MERCADO SAN GABRIEL,ASOCIACION DE COMERCIANTES MANO DE DIOS,MERCADO LOS LIDERES,MERCADO EL PARAISO,LA FERIA,ASOCIACION COMERCIANTES PARADERO 10,ALTOMONTE DE ISRAEL,MERCADO SIGLO XXI,SOL NACIENTE DE CAMPOY,SAN PEDRO DE CAMPOY,LOS JARDINES DE ISRAEL,CENTRO COMERCIAL NUEVO MILENIO,MERCADO 29 DE ABRIL,MINIMERCADO NUEVA ESPERANZA,MERCADO JICAMARCA ANEXO 22,LOS MOLLES,MINIMARKET SARITA COLONIA,MERCADO LAS CAMELIAS,MERCADO SU SANTIDAD JUAN PABLO,MERCADO MODELO CONSTRUCTORES,MERCADO CRISTO REY,MERCADO HUANCARAY,MINIMERCADO SANTA ROSITA DE LIMA,MERCADO LAS FLORES,SAGRADO CORAZON DE JESUS,MERCADO MANCO INCA N° 1,MERCADO ISRAELITA,MERCADO LOS PINOS,MERCADO EL PROGRESO,MERCADO 4 DE AGOSTO,MERCADO TREBOL,CRUZ DE MOTUPE,VIRGEN DE GUADALUPE,MERCADO NIÑO BELEN,MERCADO LOS LIRIOS,MERCADO GANIMEDES,MERCADO CENTRAL DEL VALLE,JOSE CARLOS MARIATEGUI,MERCADO 27 DE OCTUBRE,ASOCIACION DE COMERCIANTES ISRAELITA DEL PERU,CRISTO LIBERTADOR DE CASA BLANCA,MERCADO SANTA ROSA DE LIMA MARISCAL CACERES,MERCADO MARISCAL,MERCADO MICAELA BASTIDAS,MERCADO SAN FERNANDO,LAS CANTERAS,MERCADO 1 SETIEMBRE,MERCADO 5 DE NOVIEMBRE,ASOCIACION DE COMERCIANTES SARITA COLONIA,MARIA PARADO BELLIDO,MERCADO INTEGRAL GUADALUPE,SANTA MARIA,MERCADO LOS HERALDOS,MERCADO CACERES,EL CARMEN,MERCADO SAN MARTIN DE PORRES,MERCADO SAN IGNACIO,MERCADO CANTO REY,MERCADO JOSE CARLOS MARIATEGUI,MERCADO SAN CARLOS,11 DE ENERO,PROCERES DE CAMPOY,MERCADO BAYOVAR,MERCADO CORAZON DE JESUS,MERCADO EL CONDOR,MERCADO 10 DE OCTUBRE,MERCADO DE LAS TERRAZAS,CENTRO DE ABASTOS EL BOSQUE,ASOCIACION DE PROPIETARIOS DEL MERCADO SEÑOR DE LOS MILAGROS,MERCADO LA HUAYRONA,MERCADO TUPAC AMARU,CENTRO COMERCIAL SAN MIGUEL,MERCADO 2 DE MAYO,CARMEN DE CHACARIA DE OTERO,MERCADO LOS VENDEDORES,ASOCIACION DE TRABAJADORES DEL MERCADO HUASCAR CANTO GRANDE,ASOCIACION DE MERCADO N° 2 JOSE CARLOS MARIATEGUI,SANTA ROSA,MERCADO VIRGEN DEL CARMEN,MERCADO CENTRAL DE MANGOMARCA,MERCADO N° 2,SAN MARTIN DE PORRES,MERCADO 19 DE MAYO,MERCADO SANTA ELIZABETH,ASOCIACION DE PROPIETARIOS COMERCIANTES DEL MERCADO N° 1 VALLE SAGRADO,SAN JUAN DE AZCARRUNZ ALTO,19 DE ENERO,MERCADO MARIANO MELGAR,MERCADO MUNICIPAL N°1 CANTO GRANDE,MERCADO SAN HILARION,MERCADO 15 DE ENERO,MERCADO MODELO,MERCADO NIÑO DE JESUS,MERCADO CANTO CHICO,MERCADO SAN JUAN DE LURIGANCHO,MERCADO VARA DE ORO,MERCADO VIRGEN DE CHAPI,MERCADO SAN JOSE","SANTA ROSA DE AMERICA->2,MERCADO LA CANTUTA->2,SUPERMERCADOS ZARATE->2,MERCADO LOS CHULPAS->2,LA FAMILIA->2,KAYPI->2,MERCADO NUEVO SAN JUAN->2,SAN PEDRO->2,MERCADO TRIANGULO->2,CENTRO COMERCIAL SAN BENITO->2,MINIMARKET DEL 5->2,MINIMERCADO GRAN CHIMU->2,MINIMARKET JUANITA->2,MERCADO CARMELITAS->2,MERCADO DE ISRAEL->2,SEÑOR DE LOS MILAGROS->2,LA RAMADITA->2,MINIMARKET LA AMISTAD->2,MERCADO SEÑOR DE LOS MILAGROS->2,MERCADO 8->2,MERCADO SAN GABRIEL->2,ASOCIACION DE COMERCIANTES MANO DE DIOS->2,MERCADO LOS LIDERES->2,MERCADO EL PARAISO->2,LA FERIA->2,ASOCIACION COMERCIANTES PARADERO 10->2,ALTOMONTE DE ISRAEL->2,MERCADO SIGLO XXI->2,SOL NACIENTE DE CAMPOY->2,SAN PEDRO DE CAMPOY->2,LOS JARDINES DE ISRAEL->2,CENTRO COMERCIAL NUEVO MILENIO->2,MERCADO 29 DE ABRIL->2,MINIMERCADO NUEVA ESPERANZA->2,MERCADO JICAMARCA ANEXO 22->1,LOS MOLLES->2,MINIMARKET SARITA COLONIA->2,MERCADO LAS CAMELIAS->2,MERCADO SU SANTIDAD JUAN PABLO->2,MERCADO MODELO CONSTRUCTORES->2,MERCADO CRISTO REY->2,MERCADO HUANCARAY->2,MINIMERCADO SANTA ROSITA DE LIMA->2,MERCADO LAS FLORES->2,SAGRADO CORAZON DE JESUS->2,MERCADO MANCO INCA N° 1->2,MERCADO ISRAELITA->2,MERCADO LOS PINOS->2,MERCADO EL PROGRESO->2,MERCADO 4 DE AGOSTO->2,MERCADO TREBOL->2,CRUZ DE MOTUPE->2,VIRGEN DE GUADALUPE->2,MERCADO NIÑO BELEN->2,MERCADO LOS LIRIOS->2,MERCADO GANIMEDES->2,MERCADO CENTRAL DEL VALLE->2,JOSE CARLOS MARIATEGUI->2,MERCADO 27 DE OCTUBRE->2,ASOCIACION DE COMERCIANTES ISRAELITA DEL PERU->3,CRISTO LIBERTADOR DE CASA BLANCA->2,MERCADO SANTA ROSA DE LIMA MARISCAL CACERES->2,MERCADO MARISCAL->2,MERCADO MICAELA BASTIDAS->2,MERCADO SAN FERNANDO->2,LAS CANTERAS->2,MERCADO 1 SETIEMBRE->2,MERCADO 5 DE NOVIEMBRE->2,ASOCIACION DE COMERCIANTES SARITA COLONIA->3,MARIA PARADO BELLIDO->2,MERCADO INTEGRAL GUADALUPE->2,SANTA MARIA->2,MERCADO LOS HERALDOS->2,MERCADO CACERES->2,EL CARMEN->2,MERCADO SAN MARTIN DE PORRES->2,MERCADO SAN IGNACIO->2,MERCADO CANTO REY->2,MERCADO JOSE CARLOS MARIATEGUI->2,MERCADO SAN CARLOS->2,11 DE ENERO->1,PROCERES DE CAMPOY->2,MERCADO BAYOVAR->2,MERCADO CORAZON DE JESUS->2,MERCADO EL CONDOR->2,MERCADO 10 DE OCTUBRE->2,MERCADO DE LAS TERRAZAS->2,CENTRO DE ABASTOS EL BOSQUE->3,ASOCIACION DE PROPIETARIOS DEL MERCADO SEÑOR DE LOS MILAGROS->2,MERCADO LA HUAYRONA->2,MERCADO TUPAC AMARU->2,CENTRO COMERCIAL SAN MIGUEL->2,MERCADO 2 DE MAYO->2,CARMEN DE CHACARIA DE OTERO->2,MERCADO LOS VENDEDORES->2,ASOCIACION DE TRABAJADORES DEL MERCADO HUASCAR CANTO GRANDE->3,ASOCIACION DE MERCADO N° 2 JOSE CARLOS MARIATEGUI->2,SANTA ROSA->2,MERCADO VIRGEN DEL CARMEN->2,MERCADO CENTRAL DE MANGOMARCA->2,MERCADO N° 2->2,SAN MARTIN DE PORRES->3,MERCADO 19 DE MAYO->2,MERCADO SANTA ELIZABETH->2,ASOCIACION DE PROPIETARIOS COMERCIANTES DEL MERCADO N° 1 VALLE SAGRADO->2,SAN JUAN DE AZCARRUNZ ALTO->2,19 DE ENERO->2,MERCADO MARIANO MELGAR->2,MERCADO MUNICIPAL N°1 CANTO GRANDE->2,MERCADO SAN HILARION->2,MERCADO 15 DE ENERO->2,MERCADO MODELO->2,MERCADO NIÑO DE JESUS->2,MERCADO CANTO CHICO->2,MERCADO SAN JUAN DE LURIGANCHO->2,MERCADO VARA DE ORO->2,MERCADO VIRGEN DE CHAPI->2,MERCADO SAN JOSE->2"
150135,110,110,110,110,600,"MERCADO DE NARANJAL,MERCADO PARAMONGA,SAN PEDRO,MERCADO VIRGEN DE FATIMA,MERCADO PUENTE CAMOTE,MERCADO PRODUCTOS FIORI 2DA ETAPA,MERCADO ASPROPA,SANTA ROSA DE LAS AMERICAS LTDA,SAN ANTONIO,CAMINO HACIA EL PROGRESO,MERCADO JESUS NAZARENO,MEGA MERCADO LOS PORTALES DE CHAVIN,EL PUENTE,CENTRO COMERCIAL IQUITOS,MERCADO DE TODOS,MERCADO SANTA ROSA,MERCADO DE VIPOL,MERCADO LOS NISPEROS,CENTRO COMERCIAL SANTA ROSA DE LOS OLIVOS,CENTRO COMERCIAL SEÑOR DE HUANCA,SEÑOR JESUS,MERCADO MODELO GIMDAWASI,LAS MARGARITAS,MERCADO VIRGEN DE LA PUERTA,MERCADO INKAMAY,MERCADO VIPOL BATA,NUEVO HORIZONTE II,MERCADO HORIZONTE,MARGARITA,ASOCIACION DE COMERCIANTES EBENEZER,MERCADO FATIMA,MARTIR OLAYA,SANTA ROSA,SUPER MERCADO MIRIAM,MINIMERCADO,MERCADO MARGARITA I,MEGACENTRO CAQUETA,MERCADO TAMBO,MERCADO VIRGEN DEL CARMEN,VIRGEN DE FATIMA,MINIMERCADO FORTALEZA,ACOSTA,OVALO DE SANTA ROSA,MERCADO LA LUZ DE VIPOL,MERCADO EL OLIVAR,MERCADO EL TRIUNFO,MERCADO VENECIA,JARDINES SANTA ROSA,MERCADO LA ALAMEDA,GRAN MERCADO TANTAMAYO,VIRGEN DE FATIMA LA ESPERANZA,MERCADO SEÑOR DE LOS MILAGROS,MINIMERCADO SN,MINIMARKET FLORES,SAN JUAN BAUTISTA,MERCADO PEDRO PAULET,MERCADO SOL DE NARANJAL,MERCADO SARITA COLONIA,MERCADO JOSE GRANDA,ROSA SAAVEDRA ZUÑIGA,III HORIZONTES,MERCADO MARTIR OLAYA,MERCADO 2000,VIRGEN DEL CARMEN,ASOCIACION CENTRO FERIAL CAQUETA,MERCADO UNIVERSO,SAN LUCAS,MERCADO LOS JAZMINES,MERCADO ZARUMILLA,MINIMARKET,MERCADO LA CAPULLANA,MERCADO DIVINA MISERICORDIA,MERCADO LAS PONCIANAS,CANTA CALLAO,MERCADO SANTA MARIA DE LOS ANGELES,LA LUZ DIVINA,20 DE AGOSTO,PUENTE CAMOTE,MERCADO MIVISU,MERCADO LOS GIRASOLES,VIRGEN DE LA MERCED,MERCADO HUANDOY,LA UNION,JUNTA DE PROPIETARIOS DEL MERCADO DE PRODUCTORES FIORI NRO 1,MERCADO SEÑOR DE LOS MILAGROS - SAN DIEGO,TEOFILA HERNANDEZ,MERCADO CORPAC,LOS CHAQUIS,LOS CIPRESES,MICRO MERCADO LOS OLIVOS,SEÑOR DE LOS MILAGROS,MERCADO MIGUEL ANGEL,MERCADO MODELO SAN DIEGO,MERCADO PALAO,MERCADO 10 DE JUNIO,MERCADO 6 DE FEBRERO,ASOCIACION DE COMERCIANTES MERCADO SANTA ROSA DE GARAGAY,EL TRIUNFO,MERCADO CESAR VALLEJO,MERCADO SANTA ELENA,RICARDO PALMA,INMACULADA CONCEPCION,EL MILAGRO,CONDEVILLA,MERCADO EL CHACO,MERCADO AMAKELLA,MERCADO CENTRO CIVICO,SANTA CATALINA I,MERCADO BELEN,MERCADO LAS MERCEDES","MERCADO DE NARANJAL->2,MERCADO PARAMONGA->2,SAN PEDRO->2,MERCADO VIRGEN DE FATIMA->2,MERCADO PUENTE CAMOTE->3,MERCADO PRODUCTOS FIORI 2DA ETAPA->3,MERCADO ASPROPA->2,SANTA ROSA DE LAS AMERICAS LTDA->2,SAN ANTONIO->2,CAMINO HACIA EL PROGRESO->2,MERCADO JESUS NAZARENO->2,MEGA MERCADO LOS PORTALES DE CHAVIN->2,EL PUENTE->2,CENTRO COMERCIAL IQUITOS->2,MERCADO DE TODOS->2,MERCADO SANTA ROSA->2,MERCADO DE VIPOL->2,MERCADO LOS NISPEROS->2,CENTRO COMERCIAL SANTA ROSA DE LOS OLIVOS->2,CENTRO COMERCIAL SEÑOR DE HUANCA->2,SEÑOR JESUS->2,MERCADO MODELO GIMDAWASI->2,LAS MARGARITAS->2,MERCADO VIRGEN DE LA PUERTA->2,MERCADO INKAMAY->2,MERCADO VIPOL BATA->2,NUEVO HORIZONTE II->2,MERCADO HORIZONTE->2,MARGARITA->2,ASOCIACION DE COMERCIANTES EBENEZER->2,MERCADO FATIMA->2,MARTIR OLAYA->2,SANTA ROSA->2,SUPER MERCADO MIRIAM->2,MINIMERCADO->2,MERCADO MARGARITA I->2,MEGACENTRO CAQUETA->2,MERCADO TAMBO->2,MERCADO VIRGEN DEL CARMEN->2,VIRGEN DE FATIMA->2,MINIMERCADO FORTALEZA->2,ACOSTA->2,OVALO DE SANTA ROSA->2,MERCADO LA LUZ DE VIPOL->2,MERCADO EL OLIVAR->2,MERCADO EL TRIUNFO->2,MERCADO VENECIA->2,JARDINES SANTA ROSA->2,MERCADO LA ALAMEDA->2,GRAN MERCADO TANTAMAYO->3,VIRGEN DE FATIMA LA ESPERANZA->2,MERCADO SEÑOR DE LOS MILAGROS->2,MINIMERCADO SN->2,MINIMARKET FLORES->2,SAN JUAN BAUTISTA->2,MERCADO PEDRO PAULET->2,MERCADO SOL DE NARANJAL->2,MERCADO SARITA COLONIA->2,MERCADO JOSE GRANDA->2,ROSA SAAVEDRA ZUÑIGA->2,III HORIZONTES->2,MERCADO MARTIR OLAYA->3,MERCADO 2000->2,VIRGEN DEL CARMEN->2,ASOCIACION CENTRO FERIAL CAQUETA->3,MERCADO UNIVERSO->2,SAN LUCAS->2,MERCADO LOS JAZMINES->2,MERCADO ZARUMILLA->3,MINIMARKET->2,MERCADO LA CAPULLANA->2,MERCADO DIVINA MISERICORDIA->2,MERCADO LAS PONCIANAS->2,CANTA CALLAO->2,MERCADO SANTA MARIA DE LOS ANGELES->2,LA LUZ DIVINA->2,20 DE AGOSTO->2,PUENTE CAMOTE->2,MERCADO MIVISU->2,MERCADO LOS GIRASOLES->2,VIRGEN DE LA MERCED->1,MERCADO HUANDOY->2,LA UNION->2,JUNTA DE PROPIETARIOS DEL MERCADO DE PRODUCTORES FIORI NRO 1->1,MERCADO SEÑOR DE LOS MILAGROS - SAN DIEGO->2,TEOFILA HERNANDEZ->2,MERCADO CORPAC->2,LOS CHAQUIS->2,LOS CIPRESES->2,MICRO MERCADO LOS OLIVOS->2,SEÑOR DE LOS MILAGROS->2,MERCADO MIGUEL ANGEL->2,MERCADO MODELO SAN DIEGO->2,MERCADO PALAO->2,MERCADO 10 DE JUNIO->2,MERCADO 6 DE FEBRERO->2,ASOCIACION DE COMERCIANTES MERCADO SANTA ROSA DE GARAGAY->2,EL TRIUNFO->2,MERCADO CESAR VALLEJO->2,MERCADO SANTA ELENA->2,RICARDO PALMA->2,INMACULADA CONCEPCION->2,EL MILAGRO->2,CONDEVILLA->2,MERCADO EL CHACO->2,MERCADO AMAKELLA->2,MERCADO CENTRO CIVICO->3,SANTA CATALINA I->2,MERCADO BELEN->2,MERCADO LAS MERCEDES->2"
70101,76,76,76,76,757,"SUPERMERCADO LOS ANGELES DE OQUENDO,MERCADO OQUENDO,2 DE JULIO,BOCANEGRA,MERCADO TERMINAL PESQUERO,MERCADO ROJA,COOPERATIVA PLAYA RIMAC,MERCADO DE SERVICIOS ESPECIALES REPUBLICA DE VENEZUELA,MERCADO FUNDO LA CHALACA,EL METRITO,MERCADO PACIFICO,MERCADO LOS ANGELES,PROYECTO 2002,MERCADO EL SALOOM DEL PESCADO,MERCADO NUEVO NORTE,MERCADO VIPOL,LA CHACRITA,MERCADO JUAN PABLO SEGUNDO,MERCADO LA ALBORADA DE OQUENDO,MERCADO EL SEMBRADOR,MERCADO EL ALAMO,LA COLONIAL,MERCADO SAN IGNACIO DE LOYOLA,MERCADO ROBLES DE SANTA ROSA,MERCADO MAISHELL,CENTRO COMERCIAL SANTA ROSA DE LIMA,MERCADO LOS OLIVOS DE SANTA ROSA,SEÑOR DE LA MISERICORDIA,MERCADO ANCASH,MERCADO EL REY,MERCADO LA COLONIAL,MERCADO COMERCIANTES UNIDOS SANTA MARINA,MERCADO EL CONDOR,MERCADO MODERNO UNION CHACHAPOYAS,SAN MARTIN DE PORRES DE LAS COLINAS,SAN RAFAEL,MERCADO VIRGEN DE LA CARIDAD,MERCADO VIRGEN DEL CARMEN,5 DE JUNIO,MERCADO LA CHALACA,27 DE SETIEMBRE,ASOC. DE COM. SAN MARTIN DE PORRES,MERCADO AGUA SANTA,MERCADO SANTA ROSA DE LIMA,MERCADO INMACULADA CONCEPCION,MERCADO SANTA ROSITA,MERCADO TAMBO MACHAY,MERCADO 11 DE ABRIL,VIRGEN DEL CARMEN,MERCADO SAN JUAN MASIAS,SAN JORGE,EL OLIVAR,MERCADO PLAZA DE BARRIO,MERCADO MODELO LAS 200 MILLAS,MERCADO SAN JUAN BAUTISTA,MERCADO CIUDADELA CHALACA,MERCADO SANTA ROSA,MERCADO SEÑOR CAUTIVO DE AYABACA,MERCADO CRUZ DE MOTUPE,MERCADO SARITA COLONIA,PRIMERO DE MAYO,3 DE ENERO,VIRGEN MARIA,MERCADO PARADITA COLONIAL,MERCADO AMARILLO,MERCADO SAN JORGE,MERCADO VIRGEN DE LAS MERCEDES,MERCADO COOP. SETUC,MERCADO 2 DE MAYO,MERCADO CARRILLO ALBORNOZ,MERCADO DE ABASTOS SANTA MARINA SUR,MERCADO LORD COCKRANE,MERCADO LA LIBERTAD,MERCADO CENTRAL DEL CALLAO,MERCADO CHACARITA,MINIMERCADO DON BOSCO","SUPERMERCADO LOS ANGELES DE OQUENDO->2,MERCADO OQUENDO->2,2 DE JULIO->2,BOCANEGRA->2,MERCADO TERMINAL PESQUERO->3,MERCADO ROJA->2,COOPERATIVA PLAYA RIMAC->2,MERCADO DE SERVICIOS ESPECIALES REPUBLICA DE VENEZUELA->2,MERCADO FUNDO LA CHALACA->2,EL METRITO->2,MERCADO PACIFICO->2,MERCADO LOS ANGELES->2,PROYECTO 2002->2,MERCADO EL SALOOM DEL PESCADO->2,MERCADO NUEVO NORTE->2,MERCADO VIPOL->2,LA CHACRITA->2,MERCADO JUAN PABLO SEGUNDO->2,MERCADO LA ALBORADA DE OQUENDO->2,MERCADO EL SEMBRADOR->2,MERCADO EL ALAMO->2,LA COLONIAL->2,MERCADO SAN IGNACIO DE LOYOLA->2,MERCADO ROBLES DE SANTA ROSA->1,MERCADO MAISHELL->2,CENTRO COMERCIAL SANTA ROSA DE LIMA->2,MERCADO LOS OLIVOS DE SANTA ROSA->2,SEÑOR DE LA MISERICORDIA->2,MERCADO ANCASH->2,MERCADO EL REY->2,MERCADO LA COLONIAL->2,MERCADO COMERCIANTES UNIDOS SANTA MARINA->2,MERCADO EL CONDOR->2,MERCADO MODERNO UNION CHACHAPOYAS->2,SAN MARTIN DE PORRES DE LAS COLINAS->2,SAN RAFAEL->2,MERCADO VIRGEN DE LA CARIDAD->2,MERCADO VIRGEN DEL CARMEN->2,5 DE JUNIO->2,MERCADO LA CHALACA->2,27 DE SETIEMBRE->2,ASOC. DE COM. SAN MARTIN DE PORRES->2,MERCADO AGUA SANTA->2,MERCADO SANTA ROSA DE LIMA->2,MERCADO INMACULADA CONCEPCION->2,MERCADO SANTA ROSITA->2,MERCADO TAMBO MACHAY->2,MERCADO 11 DE ABRIL->2,VIRGEN DEL CARMEN->2,MERCADO SAN JUAN MASIAS->2,SAN JORGE->2,EL OLIVAR->2,MERCADO PLAZA DE BARRIO->2,MERCADO MODELO LAS 200 MILLAS->2,MERCADO SAN JUAN BAUTISTA->2,MERCADO CIUDADELA CHALACA->2,MERCADO SANTA ROSA->2,MERCADO SEÑOR CAUTIVO DE AYABACA->2,MERCADO CRUZ DE MOTUPE->2,MERCADO SARITA COLONIA->2,PRIMERO DE MAYO->2,3 DE ENERO->2,VIRGEN MARIA->2,MERCADO PARADITA COLONIAL->2,MERCADO AMARILLO->2,MERCADO SAN JORGE->2,MERCADO VIRGEN DE LAS MERCEDES->2,MERCADO COOP. SETUC->2,MERCADO 2 DE MAYO->2,MERCADO CARRILLO ALBORNOZ->2,MERCADO DE ABASTOS SANTA MARINA SUR->2,MERCADO LORD COCKRANE->2,MERCADO LA LIBERTAD->2,MERCADO CENTRAL DEL CALLAO->2,MERCADO CHACARITA->2,MINIMERCADO DON BOSCO->2"
150103,67,67,67,67,511,"LA ARENERA,MINI MERCADO LAS MAGNOLIAS,MERCADO SOL DE VITARTE,ASOCIACION MERCADO RAUCANA,MERCADO SAN ALFONSO,ASOCIACION DE COMERCIANTES MINIMERCADO LAS PALMERAS,LAS AMERICAS,27 DE ABRIL,MERCADO CENTRAL DE SAN JUAN,MERCADO SANTA ROSA,MINIMARKET IZAGUIRRE,MINIMARKET EFESTOS,MINIMERCADO 4 DE OCTUBRE,VIRGEN DE LAS MERCEDES,MERCADO PARIACHI I,LA MINKA,MERCADO MIRAFLORES,MERCADO LINARES,CENTRO COMERCIAL MARIATEGUI,MEGA PLAZA DE SANTA CLARA,MERCADO LA GLORIA,CORAZON DE JESUS,MERCADO NUEVO HORIZONTE,MERCADO LAS VIÑAS,MERCADO SOL DE PARAISO,CRISTO SALVADOR,MERCADO CENTRAL LAS AMERICAS,CENTRO COMERCIAL EL PALMAR,MERCADO JESUS NAZARENO,MERCADO NUEVA ESPERANZA,MERCADO ALFONSO UGARTE,EL ECONOMICO,COCICEL,MERCADO APURIMAC,MINIMERCADO OLIMPO,MERCADO LAS ESTRELLAS,LOS JARDINES DE LOS SAUCES,MERCADO OLIMPO,SEÑOR DE LOS MILAGROS,MERCADO 21 DE JULIO,SEÑOR DE MURUHUAY,VIRGEN DE LA RECONCILIACION,MERCADO MODELO RAUCANA,MERCADO LAS PIEDRITAS,MERCADO JULY,ASOCIACION DE COMERCIANTES SANTA ROSA DE LIMA,SALAMANCA,MARIA PARADO DE BELLIDO,SEÑOR DE LA MISERICORDIA,MERCADO PIPA,DIEGO FERNANDEZ,MERCADO MICAELA BASTIDAS,MERCADO VIRGEN DE CHAPY,27 DE ABRIL N°1,MERCADO LOS CLAVELES,MERCADO LA ECONOMICA,MERCADO MODELO COMUNAL,SARITA COLONIA,ASOCIACION DE COMERCIANTES MERCADO N°1 SR. DE LOS MILAGROS,MERCADO MANYLSA,MERCADO VIRGEN DEL CARMEN,MERCADO LOS ANGELES,LOS SAUCES,EL TRIUNFO,ASOCIACION DE PROPIETARIOS DEL MERCADO SAN GREGORIO,JOSE CARLOS MARIATEGUI,MERCADO MODELO VITARTE","LA ARENERA->1,MINI MERCADO LAS MAGNOLIAS->2,MERCADO SOL DE VITARTE->2,ASOCIACION MERCADO RAUCANA->2,MERCADO SAN ALFONSO->2,ASOCIACION DE COMERCIANTES MINIMERCADO LAS PALMERAS->2,LAS AMERICAS->2,27 DE ABRIL->2,MERCADO CENTRAL DE SAN JUAN->2,MERCADO SANTA ROSA->2,MINIMARKET IZAGUIRRE->2,MINIMARKET EFESTOS->2,MINIMERCADO 4 DE OCTUBRE->2,VIRGEN DE LAS MERCEDES->2,MERCADO PARIACHI I->2,LA MINKA->2,MERCADO MIRAFLORES->2,MERCADO LINARES->2,CENTRO COMERCIAL MARIATEGUI->2,MEGA PLAZA DE SANTA CLARA->2,MERCADO LA GLORIA->2,CORAZON DE JESUS->2,MERCADO NUEVO HORIZONTE->2,MERCADO LAS VIÑAS->2,MERCADO SOL DE PARAISO->2,CRISTO SALVADOR->2,MERCADO CENTRAL LAS AMERICAS->2,CENTRO COMERCIAL EL PALMAR->2,MERCADO JESUS NAZARENO->2,MERCADO NUEVA ESPERANZA->2,MERCADO ALFONSO UGARTE->2,EL ECONOMICO->2,COCICEL->2,MERCADO APURIMAC->2,MINIMERCADO OLIMPO->2,MERCADO LAS ESTRELLAS->2,LOS JARDINES DE LOS SAUCES->2,MERCADO OLIMPO->2,SEÑOR DE LOS MILAGROS->2,MERCADO 21 DE JULIO->2,SEÑOR DE MURUHUAY->2,VIRGEN DE LA RECONCILIACION->2,MERCADO MODELO RAUCANA->2,MERCADO LAS PIEDRITAS->2,MERCADO JULY->3,ASOCIACION DE COMERCIANTES SANTA ROSA DE LIMA->2,SALAMANCA->2,MARIA PARADO DE BELLIDO->2,SEÑOR DE LA MISERICORDIA->2,MERCADO PIPA->2,DIEGO FERNANDEZ->2,MERCADO MICAELA BASTIDAS->2,MERCADO VIRGEN DE CHAPY->2,27 DE ABRIL N°1->2,MERCADO LOS CLAVELES->2,MERCADO LA ECONOMICA->2,MERCADO MODELO COMUNAL->2,SARITA COLONIA->2,ASOCIACION DE COMERCIANTES MERCADO N°1 SR. DE LOS MILAGROS->2,MERCADO MANYLSA->2,MERCADO VIRGEN DEL CARMEN->2,MERCADO LOS ANGELES->2,LOS SAUCES->2,EL TRIUNFO->2,ASOCIACION DE PROPIETARIOS DEL MERCADO SAN GREGORIO->2,JOSE CARLOS MARIATEGUI->2,MERCADO MODELO VITARTE->2"
150133,63,63,63,63,418,"MERCADO SEÑOR MURUHUAY,MERCADO AMAZONAS,LAS FLORES DE VILLA,MERCADO CIUDAD DE DIOS,MERCADO MODELO,MERCADO MACHU PICCHU,MINIMARKET UNICACHI,MERCADO CUADRA 5,VICTORIA,MERCADO PLAZA LIMA SUR SAN JUAN,COMERCIANTES SUR DE SAN JUAN,PIURA,MINIMARKET LA CASERITA,MINIMARKET MEGA CENTER,GALERIA EL SOL,MEGACENTRO,PEQUEÑOS COMERCIANTES,MERCADO SANTA ROSA 13 DE OCTUBRE,ASOCIACION DE TRABAJADORES MERCADO NIÑO JESUS,MINIMARKET,MERCADO LUIS CASTAÑEDA LOSSIO,EL MERCADO UNIVERSO,LA GRAN FAMILIA,JOSE MARIA ARGUEDAS,NUEVO PROGRESO 1 DE ABRIL,NUEVO MILENIO,MERCADO IMPERIAL,MERCADO MARIA AUXILIADORA,SUPERMERCADO VALLE SHARON ACOSUMVAS,MERCADO CANEVARO,MERCADO PACIFICO I,MERCADO VIRGEN DE CHAPI,MERCADO UNAMARCA,SAN PEDRO,MERCADO NIÑO JESUS,MARIANO PASTOR SEVILLA,SANTA ROSA,LA RINCONADA,MERCADO 5 DE DICIEMBRE,ASOCIACION DE COMERCIANTES MERCADO VIRGEN DEL CARMEN,VIRGEN IMACULADA DE ASUNCION,MERCADO ARENAL,MERCADO ISRAELITA,ASOCIACION COLEGIO SAN LUIS GONZAGA,MERCADO CRISTO NAZARENO,MERCADO TORRES PAMPAS DE SAN JUAN DE MIRAFLORES,MERCADO COOPERATIVO DE SERVICIOS ESPECIALES SARITA COLONIA,SAGRADO CORAZON DE JESUS,MERCADO SANTA URSULA,MERCADO MIGUEL IGLESIAS,MERCADO VILLA SAN LUIS,MERCADO AMERICA,EL NAZARENO,ANDRES AVELINO CACERES,MERCADO MARIA PARADO DE BELLIDO,MERCADO VALLE SHARON,MERCADO HEROES DEL PACIFICO,MERCADO MUNICIPAL N° 1,MERCADO OLLANTAY,MERCADO PRIMERO DE MAYO,MERCADO CENTRAL LEONCIO PRADO,ALFONSO UGARTE,MERCADO PAMPLONA BAJA","MERCADO SEÑOR MURUHUAY->2,MERCADO AMAZONAS->2,LAS FLORES DE VILLA->2,MERCADO CIUDAD DE DIOS->3,MERCADO MODELO->2,MERCADO MACHU PICCHU->2,MINIMARKET UNICACHI->2,MERCADO CUADRA 5->2,VICTORIA->2,MERCADO PLAZA LIMA SUR SAN JUAN->2,COMERCIANTES SUR DE SAN JUAN->2,PIURA->2,MINIMARKET LA CASERITA->3,MINIMARKET MEGA CENTER->2,GALERIA EL SOL->2,MEGACENTRO->3,PEQUEÑOS COMERCIANTES->2,MERCADO SANTA ROSA 13 DE OCTUBRE->2,ASOCIACION DE TRABAJADORES MERCADO NIÑO JESUS->2,MINIMARKET->2,MERCADO LUIS CASTAÑEDA LOSSIO->2,EL MERCADO UNIVERSO->2,LA GRAN FAMILIA->2,JOSE MARIA ARGUEDAS->2,NUEVO PROGRESO 1 DE ABRIL->2,NUEVO MILENIO->2,MERCADO IMPERIAL->2,MERCADO MARIA AUXILIADORA->3,SUPERMERCADO VALLE SHARON ACOSUMVAS->2,MERCADO CANEVARO->2,MERCADO PACIFICO I->2,MERCADO VIRGEN DE CHAPI->2,MERCADO UNAMARCA->2,SAN PEDRO->2,MERCADO NIÑO JESUS->2,MARIANO PASTOR SEVILLA->2,SANTA ROSA->2,LA RINCONADA->2,MERCADO 5 DE DICIEMBRE->2,ASOCIACION DE COMERCIANTES MERCADO VIRGEN DEL CARMEN->2,VIRGEN IMACULADA DE ASUNCION->2,MERCADO ARENAL->2,MERCADO ISRAELITA->2,ASOCIACION COLEGIO SAN LUIS GONZAGA->2,MERCADO CRISTO NAZARENO->2,MERCADO TORRES PAMPAS DE SAN JUAN DE MIRAFLORES->2,MERCADO COOPERATIVO DE SERVICIOS ESPECIALES SARITA COLONIA->2,SAGRADO CORAZON DE JESUS->2,MERCADO SANTA URSULA->2,MERCADO MIGUEL IGLESIAS->2,MERCADO VILLA SAN LUIS->2,MERCADO AMERICA->3,EL NAZARENO->2,ANDRES AVELINO CACERES->2,MERCADO MARIA PARADO DE BELLIDO->2,MERCADO VALLE SHARON->2,MERCADO HEROES DEL PACIFICO->2,MERCADO MUNICIPAL N° 1->2,MERCADO OLLANTAY->2,MERCADO PRIMERO DE MAYO->2,MERCADO CENTRAL LEONCIO PRADO->1,ALFONSO UGARTE->2,MERCADO PAMPLONA BAJA->2"
150143,58,58,58,58,344,"SERVICIOS INDUSTRIALES PESQUERO,MERCADO UNION,SAN FRANCISCO,MERCADO 30 DE AGOSTO,MERCADO LA MODERNA,MERCADO SAN JOSE,MERCADO AURORA,CENTRO COMERCIAL EL HUECO DEL CONO SUR,MERCADO EL ARBOLITO,MERCADO NUEVA ESPERANZA,MERCADO LAS PALMAS,SAN JOSE,MERCADO SEÑOR DE LA MISERICORDIA,MERCADITO SEÑOR DE LOS MILAGROS,MERCADO FLOR DE AMANCAES,COMERCIAL CHIFA,MERCADO EL METRO,MERCADO CIUDAD DE GOSEN,FLORA TRISTAN,SANTA ROSA DE LIMA,FRAY MARTIN,CAMPO FERIAL,VIRGEN DEL CARMEN,MERCADO SANTA MARIA,MERCADO 3 DE AGOSTO,MERCADO VILLA LIMATAMBO,MERCADO VILLA INDOAMERICA,MERCADO EL PARAISO,PACHACUTEC,LAS CONCHITAS,MERCADO N° 2,27 DE DICIEMBRE,MERCADO SANTA TERESITA DEL NIÑO JESUS,MERCADO SANTA CRUZ 19 DE JULIO,MERCADO SAN CAMILO,MERCADO SAN ANTONIO,MERCADO LAS LOMAS,JOSE CARLOS MARIATEGUI VALLE ALTO 5TA ETAPA,MINI MERCADO JOSE CARLOS MARIATEGUI,VIRGEN INMACULADA TERCER SECTOR,MERCADO A. T. E. C. A.,MERCADO JORGE CHAVEZ,ASOCIACION DE COMERCIANTES MERCADO LOS LOURDES,VIRGEN DE LOURDES,MERCADO SANTA ROSA,MERCADO MUJER PERUANA,MERCADO GIRASOL,MERCADO CENTRAL NÂ°2,INKA PACHACUTEC,PLAZA MICAELA,MERCADO COOPERATIVA SAN GABRIEL,ASOCIACION DE COMERCIANTES MERCADO LUIS PARDO,MIGUEL GRAU,MERCADO MODELO,MERCADO HUASCAR,MERCADO SAN JUAN BOSCO,MERCADO EL SOL,MERCADO COOPERATIVA","SERVICIOS INDUSTRIALES PESQUERO->1,MERCADO UNION->2,SAN FRANCISCO->3,MERCADO 30 DE AGOSTO->2,MERCADO LA MODERNA->2,MERCADO SAN JOSE->2,MERCADO AURORA->2,CENTRO COMERCIAL EL HUECO DEL CONO SUR->2,MERCADO EL ARBOLITO->2,MERCADO NUEVA ESPERANZA->2,MERCADO LAS PALMAS->2,SAN JOSE->2,MERCADO SEÑOR DE LA MISERICORDIA->2,MERCADITO SEÑOR DE LOS MILAGROS->2,MERCADO FLOR DE AMANCAES->3,COMERCIAL CHIFA->2,MERCADO EL METRO->2,MERCADO CIUDAD DE GOSEN->3,FLORA TRISTAN->2,SANTA ROSA DE LIMA->2,FRAY MARTIN->2,CAMPO FERIAL->2,VIRGEN DEL CARMEN->2,MERCADO SANTA MARIA->2,MERCADO 3 DE AGOSTO->3,MERCADO VILLA LIMATAMBO->2,MERCADO VILLA INDOAMERICA->3,MERCADO EL PARAISO->2,PACHACUTEC->2,LAS CONCHITAS->2,MERCADO N° 2->2,27 DE DICIEMBRE->2,MERCADO SANTA TERESITA DEL NIÑO JESUS->2,MERCADO SANTA CRUZ 19 DE JULIO->2,MERCADO SAN CAMILO->2,MERCADO SAN ANTONIO->2,MERCADO LAS LOMAS->2,JOSE CARLOS MARIATEGUI VALLE ALTO 5TA ETAPA->2,MINI MERCADO JOSE CARLOS MARIATEGUI->2,VIRGEN INMACULADA TERCER SECTOR->2,MERCADO A. T. E. C. A.->3,MERCADO JORGE CHAVEZ->2,ASOCIACION DE COMERCIANTES MERCADO LOS LOURDES->2,VIRGEN DE LOURDES->2,MERCADO SANTA ROSA->2,MERCADO MUJER PERUANA->2,MERCADO GIRASOL->3,MERCADO CENTRAL NÂ°2->2,INKA PACHACUTEC->2,PLAZA MICAELA->3,MERCADO COOPERATIVA SAN GABRIEL->2,ASOCIACION DE COMERCIANTES MERCADO LUIS PARDO->2,MIGUEL GRAU->2,MERCADO MODELO->2,MERCADO HUASCAR->2,MERCADO SAN JUAN BOSCO->2,MERCADO EL SOL->2,MERCADO COOPERATIVA->2"
150117,56,56,56,56,627,"MERCADO PROGRESO,MINIMERCADO S/N,MINIMERCADO COMERCIAL,MI CASERITO,MERCADO VIRGEN DEL CARMEN,MERCADO EL CASERITO,MERCADO AGRARIO,MINIMARKET,MINIMERCADO BUENA VISTA,MERCADO CARLOS CUETO FERNANDINI,MERCADO MERCANTIL,MERCADO PERU JAPON,MINIMERCADO LA LUZ,MERCADO LA MANA,MERCADO LOS ANGELES,MINIMERCADO GUADALUPE,MINIMERCADO VIRGEN DEL ROSARIO,MERCADO OVALO HUANDOY,MINIMERCADO LOS ALISOS,MERCADO DE ABASTOS HUANDOY,MINIMERCADO MACARA,SANTA ROSA DE LOS OLIVOS,CENTRO COMERCIAL SANTA ROSA,MINIMARKET PROLIMA,MERCADO 8 DE DICIEMBRE,MERCADO EL OLIVAR,GRAN MERCADO CONZAC,MERCADO NUESTRA SEÑORA DE LA RECONCILIACION,MERCADO SAN BARTOLOME,COMERCIAL VILLASOL,MINIMERCADO 19 DE ENERO,MERCADO MODELO COVIDA,MERCADO SEÑOR DE LOS MILAGROS,MERCADO EL TREBOL,MERCADO LOS OLIVOS,MERCADO PRODUCTORES MERPROLIMA,EL PORVENIR,MILLA OCHOA,MERCADO LAURA CALLER,MERCADO ALICENTRO,MINIMARKET OVALO INFANTAS,MERCADO 22 DE ENERO,MERCADO CHAVARRIA,MERCADO ALAMEDA DEL SOL,MERCADO EL TRIUNFADOR,MERCADO IZAGUIRRE,VILLA DEL NORTE,SAVARIN,MERCADO PANAMERICANA NORTE,MERCADO PRIMAVERA,MERCADO CHILLON,MERCADO COOPERATIVA DE PRO,MERCADO GLADYS CARRILLO,MERCADO SANTA LUISA - 2DA ETAPA,MERCADO MODELO ASCOPRO,MERCADO ANGELICA GAMARRA","MERCADO PROGRESO->2,MINIMERCADO S/N->2,MINIMERCADO COMERCIAL->2,MI CASERITO->2,MERCADO VIRGEN DEL CARMEN->2,MERCADO EL CASERITO->2,MERCADO AGRARIO->3,MINIMARKET->2,MINIMERCADO BUENA VISTA->2,MERCADO CARLOS CUETO FERNANDINI->2,MERCADO MERCANTIL->2,MERCADO PERU JAPON->2,MINIMERCADO LA LUZ->2,MERCADO LA MANA->2,MERCADO LOS ANGELES->2,MINIMERCADO GUADALUPE->2,MINIMERCADO VIRGEN DEL ROSARIO->2,MERCADO OVALO HUANDOY->2,MINIMERCADO LOS ALISOS->2,MERCADO DE ABASTOS HUANDOY->2,MINIMERCADO MACARA->2,SANTA ROSA DE LOS OLIVOS->2,CENTRO COMERCIAL SANTA ROSA->2,MINIMARKET PROLIMA->2,MERCADO 8 DE DICIEMBRE->2,MERCADO EL OLIVAR->2,GRAN MERCADO CONZAC->3,MERCADO NUESTRA SEÑORA DE LA RECONCILIACION->2,MERCADO SAN BARTOLOME->2,COMERCIAL VILLASOL->2,MINIMERCADO 19 DE ENERO->2,MERCADO MODELO COVIDA->2,MERCADO SEÑOR DE LOS MILAGROS->2,MERCADO EL TREBOL->2,MERCADO LOS OLIVOS->2,MERCADO PRODUCTORES MERPROLIMA->3,EL PORVENIR->3,MILLA OCHOA->2,MERCADO LAURA CALLER->2,MERCADO ALICENTRO->2,MINIMARKET OVALO INFANTAS->2,MERCADO 22 DE ENERO->2,MERCADO CHAVARRIA->2,MERCADO ALAMEDA DEL SOL->2,MERCADO EL TRIUNFADOR->3,MERCADO IZAGUIRRE->2,VILLA DEL NORTE->2,SAVARIN->2,MERCADO PANAMERICANA NORTE->2,MERCADO PRIMAVERA->2,MERCADO CHILLON->2,MERCADO COOPERATIVA DE PRO->2,MERCADO GLADYS CARRILLO->2,MERCADO SANTA LUISA - 2DA ETAPA->2,MERCADO MODELO ASCOPRO->2,MERCADO ANGELICA GAMARRA->2"
70106,53,53,53,53,352,"LOS LICENCIADOS,MERCADO SATELITE,MERCADO PARTICULAR,MERCADO VIRGEN MARIA,MINIMERCADO LOS LICENCIADOS,SAN VALENTIN,VIRGEN DE LA PUERTA,MERCADO EMPRENDEDORAS,CENTRO COMERCIAL TODO BUENO Y BONITO,YENNY BUMACHAR DE KOURI,MERCADO NUEVO PROGRESO NELLY,BRISAS DEL MAR,MERCADO HATUN KOURI,MERCADO 2000,ASOCIACION DE MICROCOMERCIANTES 13 DE MAYO,MERCADO EL SALVADOR,ROCHI VENEGAS,SAN PEDRO,MEGAMETRO,EL TREBOL,EL AYLLU,MERCADO SEÑOR DE LOS MILAGROS,EL NAZARENO,MERCADO SANTA ROSA,MERCADO PUEBLO DE PACHACUTEC,SAN CARLOS,4 DE FEBRERO,EL PESQUERO 3,MERCADO 3 DE FEBRERO,MERCADO NUEVA GENERACION,MERCADO MODELO NRO 1 DE MARIA JESUS ESPINOZA,HIJOS DE GRAU,MERCADO CORAZON DE VENTANILLA,MERCADO HATUN INCA,VILLA PACHACUTEC,MERCADO UNIFICADOS,MERCADO 12 DE DICIEMBRE,MERCADO EL PROGRESO,SANTA ISABEL,MERCADO PACHACUTEC,MERCADO ACOMYMPA,CIUDAD PACHACUTEC - VENTANILLA CALLAO,MERCADO LA UNION,MERCADO VILLA METRO,MERCADO SANTA ROSA DE PACHACUTEC,MERCADO 6 DE AGOSTO,ANTONIO MORENO,MERCADO SAN PEDRO,MERCADO LUIS FELIPE DE LAS CASAS,MERCADO VILLA LOS REYES,MERCADO 9 DE FEBRERO,MERCADO JUAN PABLO SEGUNDO,SEÑOR DE LOS MILAGROS","LOS LICENCIADOS->2,MERCADO SATELITE->2,MERCADO PARTICULAR->2,MERCADO VIRGEN MARIA->2,MINIMERCADO LOS LICENCIADOS->2,SAN VALENTIN->2,VIRGEN DE LA PUERTA->2,MERCADO EMPRENDEDORAS->2,CENTRO COMERCIAL TODO BUENO Y BONITO->2,YENNY BUMACHAR DE KOURI->2,MERCADO NUEVO PROGRESO NELLY->2,BRISAS DEL MAR->2,MERCADO HATUN KOURI->2,MERCADO 2000->2,ASOCIACION DE MICROCOMERCIANTES 13 DE MAYO->2,MERCADO EL SALVADOR->2,ROCHI VENEGAS->2,SAN PEDRO->2,MEGAMETRO->2,EL TREBOL->2,EL AYLLU->2,MERCADO SEÑOR DE LOS MILAGROS->2,EL NAZARENO->2,MERCADO SANTA ROSA->2,MERCADO PUEBLO DE PACHACUTEC->2,SAN CARLOS->2,4 DE FEBRERO->2,EL PESQUERO 3->2,MERCADO 3 DE FEBRERO->2,MERCADO NUEVA GENERACION->2,MERCADO MODELO NRO 1 DE MARIA JESUS ESPINOZA->2,HIJOS DE GRAU->2,MERCADO CORAZON DE VENTANILLA->2,MERCADO HATUN INCA->2,VILLA PACHACUTEC->2,MERCADO UNIFICADOS->2,MERCADO 12 DE DICIEMBRE->2,MERCADO EL PROGRESO->2,SANTA ISABEL->2,MERCADO PACHACUTEC->2,MERCADO ACOMYMPA->2,CIUDAD PACHACUTEC - VENTANILLA CALLAO->2,MERCADO LA UNION->2,MERCADO VILLA METRO->2,MERCADO SANTA ROSA DE PACHACUTEC->2,MERCADO 6 DE AGOSTO->2,ANTONIO MORENO->2,MERCADO SAN PEDRO->2,MERCADO LUIS FELIPE DE LAS CASAS->2,MERCADO VILLA LOS REYES->2,MERCADO 9 DE FEBRERO->2,MERCADO JUAN PABLO SEGUNDO->2,SEÑOR DE LOS MILAGROS->3"
150108,51,51,51,51,235,"LOS ANGELES DE LA CAMPIÑA,VIRGEN DEL MORRO,MERCADO SARITA COLONIA,MERCADO PESQUERO ARTESANAL,APICOMAR,MINIMERCADO PARADITA DEL MARQUEZ,GALERIA LA ESQUINA,ASOCIACION MINIMERCADO MARQUEZ,EL PARAISO,EL PORVENIR,MERCADO EL PROGRESO,MINIMERCADO TENIENTE JIMENEZ,MERCADO COMUNAL HEROES DEL PACIFICO,CENTRO COMERCIAL GARCIA HERMANOS,MERCADO SANTA ANITA,MERCADO PROGRESO,MERCADO SUPER PLAZA,MERCADO 1,KIWI,MERCADO TACALA,SEÑOR DE LOS MILAGROS,MERCADO VIRGEN DEL CARMEN,MERCADO 30 DE AGOSTO,MERCADO LOS PINOS,LAS BANDERITAS,MERCADO MACH,MERCADO ALAMEDA,MERCADO LOS CEDROS,MERCADO  BUENOS AIRES DE VILLA,CHAMPANE,SANTA ISABEL,SAN PABLO,MERCADO VIRGEN DE LA MERCED,LOS GORRIONES,ASOCIACION DE COMERCIANTES DEL MERCADO NUMERO 3 CHORRILLOS,MERCADO SANTA ROSA,HUERTOS DE VILLA,MERCADO SAN JOSE,MERCADO VILLA MARINA,MERCADO SAN EUGENIO,MERCADO SAN PEDRO,ASOCIACION DE COMERCIANTES DEL MERCADITO SAN JUAN BAUTISTA,SAN SEBASTIAN,MERCADO SAN VALENTIN,PLAZA VILLA,MERCADO SAN MARTIN DE PORRES- LAS DELICIAS,MERCADO VISTA ALEGRE DE VILLA,SAN MARTIN DE PORRAS,MERCADO NUMERO 2,ASOCIACION DE COMERCIANTES DEL MERCADO CENTRAL SAN PEDRO N° 1,SAN MARTIN","LOS ANGELES DE LA CAMPIÑA->2,VIRGEN DEL MORRO->2,MERCADO SARITA COLONIA->3,MERCADO PESQUERO ARTESANAL->3,APICOMAR->2,MINIMERCADO PARADITA DEL MARQUEZ->2,GALERIA LA ESQUINA->2,ASOCIACION MINIMERCADO MARQUEZ->2,EL PARAISO->2,EL PORVENIR->3,MERCADO EL PROGRESO->2,MINIMERCADO TENIENTE JIMENEZ->2,MERCADO COMUNAL HEROES DEL PACIFICO->2,CENTRO COMERCIAL GARCIA HERMANOS->2,MERCADO SANTA ANITA->2,MERCADO PROGRESO->2,MERCADO SUPER PLAZA->3,MERCADO 1->2,KIWI->2,MERCADO TACALA->2,SEÑOR DE LOS MILAGROS->2,MERCADO VIRGEN DEL CARMEN->2,MERCADO 30 DE AGOSTO->2,MERCADO LOS PINOS->3,LAS BANDERITAS->2,MERCADO MACH->2,MERCADO ALAMEDA->2,MERCADO LOS CEDROS->2,MERCADO  BUENOS AIRES DE VILLA->2,CHAMPANE->2,SANTA ISABEL->2,SAN PABLO->3,MERCADO VIRGEN DE LA MERCED->2,LOS GORRIONES->2,ASOCIACION DE COMERCIANTES DEL MERCADO NUMERO 3 CHORRILLOS->2,MERCADO SANTA ROSA->2,HUERTOS DE VILLA->2,MERCADO SAN JOSE->2,MERCADO VILLA MARINA->2,MERCADO SAN EUGENIO->2,MERCADO SAN PEDRO->3,ASOCIACION DE COMERCIANTES DEL MERCADITO SAN JUAN BAUTISTA->2,MERCADO SANTA ROSA->3,SAN SEBASTIAN->2,MERCADO SAN VALENTIN->2,PLAZA VILLA->3,MERCADO SAN MARTIN DE PORRES- LAS DELICIAS->2,MERCADO VISTA ALEGRE DE VILLA->2,SAN MARTIN DE PORRAS->2,MERCADO NUMERO 2->2,ASOCIACION DE COMERCIANTES DEL MERCADO CENTRAL SAN PEDRO N° 1->2,SAN MARTIN->2"
150142,50,50,50,50,519,"INVERSION UNICACHI DEL CONO SUR S.A.,ROSA DE AMERICA,SEÑOR DE CACHUY,CENTRO COMERCIAL MEGASUR,MINIMERCADO 20 DE NOVIEMBRE,MERCADO QUO CAVES,CENTRO PLAZA DE PACHACAMAC,MERCADO TALARA,LAS DELICIAS DE MARIA REICH,MERCADO 72,MERCADO BOLIVAR,MERCADO JESUS EL SALVADOR,PLAZA VILLA SUR,MERCADO SANTA ROSA,MERCADO 8 DE AGOSTO,OVALO OASIS,ASOCIACION MERCADO LAS DUNAS DE VILLA,MERCADO SAGRADO CORAZON DE JESUS,MERCADO 13 DE AGOSTO,MERCADO DOCE DE MAYO,MERCADO 1 DE MARZO,MERCADO INFORMAL CESAR VALLEJO,MERCADO LAS BRISAS,ASOCIACION DE COMERCIANTES DE MERCADO ATAHUALPA,MERCADO CHAMA,MERCADO LOS ANGELES DE CALIFORNIA,MERCADO 22 DE NOVIEMBRE,MERCADO LAS LOMAS,MENSAJERO DE LA PAZ,ASOCIACION COMERCIAL CUARTA ETAPA,MERCADO SANTA LEONOR,CRISTO DE PACHACAMILLA,PRIMERO DE MAYO,MERCADO SECTORIAL,ASOCIACION DE COMERCIANTES JUAN VELASCO ALVARADO,MERCADO PACHACAMAC,MERCADO VIRGEN DE COCHARCAS,CENTRO COMERCIAL ARENAS DEL VILLA,MERCADO 5 DE JUNIO,ASOCIACION DE COMERCIANTES DEL MERCADO SAN MARTIN DE PORRES,MERCADO COMUNAL JESUS EL SALVADOR DE LLANAVILLA,MERCADO EL SOL,COOPERATIVA DE SERVICIOS ESPECIALES MERCADO SAN PEDRO,MERCADO MODELO,MARIANO MELGAR,COOPERATIVA DE SERVICIOS ESPECIALES CENTRO COMERCIAL 3 DE OCTUBRE,MERCADO JOSE OLAYA,ASOCIACION DE PROPIETARIOS CENTRO COMERCIAL 24 JUNIO,MERCADO COOPERATIVO EL PROGRESO,MERCADO TUPAC AMARU","INVERSION UNICACHI DEL CONO SUR S.A.->1,ROSA DE AMERICA->2,SEÑOR DE CACHUY->2,CENTRO COMERCIAL MEGASUR->2,MINIMERCADO 20 DE NOVIEMBRE->2,MERCADO QUO CAVES->2,CENTRO PLAZA DE PACHACAMAC->2,MERCADO TALARA->2,LAS DELICIAS DE MARIA REICH->2,MERCADO 72->2,MERCADO BOLIVAR->2,MERCADO JESUS EL SALVADOR->2,PLAZA VILLA SUR->1,MERCADO SANTA ROSA->2,MERCADO 8 DE AGOSTO->2,OVALO OASIS->2,ASOCIACION MERCADO LAS DUNAS DE VILLA->2,MERCADO SAGRADO CORAZON DE JESUS->2,MERCADO 13 DE AGOSTO->2,MERCADO DOCE DE MAYO->2,MERCADO 1 DE MARZO->2,MERCADO INFORMAL CESAR VALLEJO->2,MERCADO LAS BRISAS->2,ASOCIACION DE COMERCIANTES DE MERCADO ATAHUALPA->2,MERCADO CHAMA->2,MERCADO LOS ANGELES DE CALIFORNIA->2,MERCADO 22 DE NOVIEMBRE->2,MERCADO LAS LOMAS->2,MENSAJERO DE LA PAZ->2,ASOCIACION COMERCIAL CUARTA ETAPA->2,MERCADO SANTA LEONOR->3,CRISTO DE PACHACAMILLA->2,PRIMERO DE MAYO->2,MERCADO SECTORIAL->2,ASOCIACION DE COMERCIANTES JUAN VELASCO ALVARADO->2,MERCADO PACHACAMAC->2,MERCADO VIRGEN DE COCHARCAS->2,CENTRO COMERCIAL ARENAS DEL VILLA->2,MERCADO 5 DE JUNIO->2,ASOCIACION DE COMERCIANTES DEL MERCADO SAN MARTIN DE PORRES->2,MERCADO COMUNAL JESUS EL SALVADOR DE LLANAVILLA->2,MERCADO EL SOL->2,COOPERATIVA DE SERVICIOS ESPECIALES MERCADO SAN PEDRO->2,MERCADO MODELO->2,MARIANO MELGAR->2,COOPERATIVA DE SERVICIOS ESPECIALES CENTRO COMERCIAL 3 DE OCTUBRE->2,MERCADO JOSE OLAYA->2,ASOCIACION DE PROPIETARIOS CENTRO COMERCIAL 24 JUNIO->2,MERCADO COOPERATIVO EL PROGRESO->3,MERCADO TUPAC AMARU->3"
150101,50,50,50,50,483,"SIN NOMBRE,MERCADO DE FRUTA,MERCADO DE FRUTAS NICOLAS AYLLON,MERCADO EL GALLITO,MERCADO LA MERCED,MERCADO SANTA ROSA,MERCADO SAN MARCOS,EX - MERCADO CENTRAL,MERCADO SEÑOR DE LOS MILAGROS,MINIMERCADO VIRGEN DE GUADALUPE,MERCADO DE GUADALUPE,MERCADO LA AURORA,MINIMARKET BERTELLO,MERCADO VENEZUELA,MERCADO MODELO,VIRGEN DE GUADALUPE,VIRGEN DE LA PUERTA,MERCADO DE ABASTOS LA COLONIAL,MERCADO CAUTIVO,MERCADO SAN SEBASTIAN N° 1,MERCADO SAN SEBASTIAN N° 2,CAMPO FERIAL,MERCADO MIGUEL DE CERVANTES,MERCADO SEÑOR DE LA JUSTICIA,MECADO INMACULADA CONCEPCION,MERCADO PANDO,MERCADO SAN JUDAS TADEO,MERCADO ILO,MERCADO SANTA EMMA,MERCADO LOS CIPRESES,MERCADO 1 DE MAYO,MERCADO SICUANI,MERCADO SAN VICENTE DE PAUL,MERCADO ELIO,MERCADO PRIMERO DE JUNIO,MERCADO EL PROGRESO,MERCADO SANTA ROSA DE LIMA,MERCADO PROGRESO,MERCADO INMACULADA,MERCADO PLANETA,MERCADO MODERNO,MINIMERCADO HUARI,MERCADO CONDE DE LA VEGA,MERCADO MIRONES BAJO,MERCADO SAN ILDEFONSO,MERCADO MERCEDARIAS,MERCADO CHACRARIOS,MERCADO ROSPIGLIOSI,MERCADO VECINAL NRO 3,MERCADO BUENOS AIRES","SIN NOMBRE->2,MERCADO DE FRUTA->2,MERCADO DE FRUTAS NICOLAS AYLLON->2,MERCADO EL GALLITO->2,MERCADO LA MERCED->2,MERCADO SANTA ROSA->2,MERCADO SAN MARCOS->2,EX - MERCADO CENTRAL->2,MERCADO SEÑOR DE LOS MILAGROS->2,MINIMERCADO VIRGEN DE GUADALUPE->2,MERCADO DE GUADALUPE->2,MERCADO LA AURORA->3,MINIMARKET BERTELLO->2,MERCADO VENEZUELA->2,MERCADO MODELO->2,VIRGEN DE GUADALUPE->2,VIRGEN DE LA PUERTA->2,MERCADO DE ABASTOS LA COLONIAL->2,MERCADO CAUTIVO->2,MERCADO SAN SEBASTIAN N° 1->2,MERCADO SAN SEBASTIAN N° 2->2,CAMPO FERIAL->2,MERCADO MIGUEL DE CERVANTES->2,MERCADO SEÑOR DE LA JUSTICIA->2,MECADO INMACULADA CONCEPCION->3,MERCADO PANDO->2,MERCADO SAN JUDAS TADEO->2,MERCADO ILO->2,MERCADO SANTA EMMA->2,MERCADO LOS CIPRESES->2,MERCADO 1 DE MAYO->2,MERCADO SICUANI->2,MERCADO SAN VICENTE DE PAUL->2,MERCADO ELIO->2,MERCADO PRIMERO DE JUNIO->2,MERCADO EL PROGRESO->2,MERCADO SANTA ROSA DE LIMA->2,MERCADO PROGRESO->2,MERCADO INMACULADA->2,MERCADO PLANETA->2,MERCADO MODERNO->2,MINIMERCADO HUARI->2,MERCADO CONDE DE LA VEGA->2,MERCADO MIRONES BAJO->2,MERCADO SAN ILDEFONSO->2,MERCADO MERCEDARIAS->2,MERCADO CHACRARIOS->2,MERCADO ROSPIGLIOSI->2,MERCADO VECINAL NRO 3->2,MERCADO BUENOS AIRES->2"
150110,45,45,45,45,549,"MERCADO UNICACHI,MERCADO APECOLIP,SANTA LUISA,SANTA BEATRIZ,MERCADO SAN JUAN BAUTISTA,MERCADO SANTA MONICA,MINIMERCADO TRAPICHE,MERCADO MI HACIENDA,MERCADO SANTA ROSA,FUTURO PERU,MERCADO FRANCISCO BOLOGNESI,PLAZA 8,CRISTO PACHACAMA,MERCADO EL PINAR,MERCADO CHACRA CERRO,MERCADO EL PARRAL,MERCADO LA ESPERANZA,MERCADO MODELO LA ALBORADA,MERCADO AÑO NUEVO,EL ALAMO,MERCADO EL RETABLO,MERCADO HIPER,MERCADO NARANJAL,MERCADO SANGARARA,VIRGEN DEL CARMEN,SANTA TERESITA,MERCADO TUPAC AMARU,MERCADO SANTA ROSA DE LIMA,MERCADO MODELO,MERCADO SEÑOR DE LOS MILAGROS,MERCADO FEDERICO VILLAREAL,MERCADO V ZONA COLLIQUE,MERCADO SANTA LUZMILA,MERCADO EL INTI,MERCADO CENTRAL DE COMAS,MERCADO 12 DE FEBRERO,MERCADO CENTRAL 1°ZONA COLLIQUE,SANTA ROSA,MERCADO FLOR DE OCTUBRE,MERCADO 2 DE JULIO,MERCADO EL PROGRESO,MERCADO LA PASCANA,MERCADO HUAQUILLAY,MERCADO EL CARMEN,MERCADO VILLA CLORINDA","MERCADO UNICACHI->3,MERCADO APECOLIP->2,SANTA LUISA->2,SANTA BEATRIZ->2,MERCADO SAN JUAN BAUTISTA->2,MERCADO SANTA MONICA->2,MINIMERCADO TRAPICHE->2,MERCADO MI HACIENDA->2,MERCADO SANTA ROSA->2,FUTURO PERU->2,MERCADO FRANCISCO BOLOGNESI->2,PLAZA 8->2,CRISTO PACHACAMA->2,MERCADO EL PINAR->2,MERCADO CHACRA CERRO->2,MERCADO EL PARRAL->2,MERCADO LA ESPERANZA->2,MERCADO MODELO LA ALBORADA->2,MERCADO AÑO NUEVO->2,EL ALAMO->2,MERCADO EL RETABLO->2,MERCADO HIPER->3,MERCADO NARANJAL->2,MERCADO SANGARARA->2,VIRGEN DEL CARMEN->2,SANTA TERESITA->2,MERCADO TUPAC AMARU->2,MERCADO SANTA ROSA DE LIMA->2,MERCADO MODELO->2,MERCADO SEÑOR DE LOS MILAGROS->2,MERCADO FEDERICO VILLAREAL->2,MERCADO V ZONA COLLIQUE->2,MERCADO SANTA LUZMILA->2,MERCADO EL INTI->2,MERCADO CENTRAL DE COMAS->2,MERCADO 12 DE FEBRERO->2,MERCADO CENTRAL 1°ZONA COLLIQUE->2,SANTA ROSA->2,MERCADO FLOR DE OCTUBRE->2,MERCADO 2 DE JULIO->2,MERCADO EL PROGRESO->2,MERCADO LA PASCANA->2,MERCADO HUAQUILLAY->2,MERCADO EL CARMEN->2,MERCADO VILLA CLORINDA->2"
130101,42,42,42,42,966,"LA HERMELINDA,MERCADO CENTRAL,MERCADO ZONAL PALERMO ( EX MAYORISTA),MERCADO MUNICIPAL UNION,MERCADO MAYORISTA,MINI MARKET LA BARATURA,EL PALOMAR,MERCADO HUERTA GRANDE,EL CORRALON,CENTRO COMERCIAL LOS CERROS STA INES,MINIMARKET - MERCADO PROSPERIDAD,MERCADO COVICORTI,LOS PORTALES,EL DORADO,MERCADO DON MARCO,CHACARERO,MERCADO DE FRUTAS,MERCADO OVALO PAPAL,MERCADO DE SAN ISIDRO,SIN NOMBRE,MERCADO LAS CAPULLANAS,FEDERICO VILLARREAL,MINI MERCADO,MERCADO JESUS DE NAZARETH,MERCADO CARRION,EL PROGRESO,GRAN CHIMAR,SANTA ROSA,MERCADO MARIBEL,MERCADITO DE HUSARES,MERCADO ISRAELITA,MERCADO SANTA ISABEL,MERCADO ZONAL EL CORTIJO,MERCADO SANTA TERESA,LA RINCONADA,MERCADO ASCOMAPAAT,MERCADO SANCHEZ CARRION,TUPAC AMARU,MERCADO LAS QUINTANAS (CENTRO COMERCIAL),MERCADO MOCHE,MERCADO MUNICIPAL INDOAMERICANO,MERCADO LA NORIA","LA HERMELINDA->3,MERCADO CENTRAL->2,MERCADO ZONAL PALERMO ( EX MAYORISTA)->2,MERCADO MUNICIPAL UNION->2,MERCADO MAYORISTA->3,MINI MARKET LA BARATURA->2,EL PALOMAR->2,MERCADO HUERTA GRANDE->2,EL CORRALON->3,CENTRO COMERCIAL LOS CERROS STA INES->2,MINIMARKET - MERCADO PROSPERIDAD->2,MERCADO COVICORTI->2,LOS PORTALES->2,EL DORADO->2,MERCADO DON MARCO->2,CHACARERO->2,MERCADO DE FRUTAS->2,MERCADO OVALO PAPAL->2,MERCADO DE SAN ISIDRO->2,SIN NOMBRE->2,MERCADO LAS CAPULLANAS->2,FEDERICO VILLARREAL->2,MINI MERCADO->2,MERCADO JESUS DE NAZARETH->2,MERCADO CARRION->2,EL PROGRESO->3,GRAN CHIMAR->2,SANTA ROSA->2,MERCADO MARIBEL->2,MERCADITO DE HUSARES->2,MERCADO ISRAELITA->2,MERCADO SANTA ISABEL->2,MERCADO ZONAL EL CORTIJO->2,MERCADO SANTA TERESA->2,LA RINCONADA->2,MERCADO ASCOMAPAAT->1,MERCADO SANCHEZ CARRION->2,TUPAC AMARU->2,MERCADO LAS QUINTANAS (CENTRO COMERCIAL)->2,MERCADO MOCHE->2,MERCADO MUNICIPAL INDOAMERICANO->2,MERCADO LA NORIA->2"
150140,34,34,34,34,231,"MERCADO N° 2 ANEXO SURCO,MERCADO CASUARINAS,MERCADO SAN ROQUE,MERCADO MUNICIPAL N°1,MERCADO N° 1 - ANEXO,MERCADO ANDAHUAYLAS,MERCADO LA CAPULLANA,MERCADO N° 2,MERCADO EL EDEN DE MONTERRICO,MERCADO EL NAZARENO,MERCADO SEÑOR DE MURUHUAY,MERCADO COOPERATIVA LOS PASOS,MERCADO VIRGEN DE LA FAMILIA,MERCADO ROOSEVELT,MERCADO LOS PRECURSORES,MERCADO SEÑOR DE LA DIVINA MISERICORDIA,MERCADO PARTICULAR LOS PROCERES,MERCADO LOS PROCERES,MERCADO 18 DE ENERO,MERCADO EL PINO,MERCADO SANTA ROSA,MERCADO TREBOL,MERCADO EL EDEN,SIN NOMBRE,MERCADO MONTE ALAMO,MERCADO DEL PUEBLO,MERCADO SEÑOR DE LOS MILAGROS,MERCADO PROLONGACION BENAVIDES,MERCADO SAN JUAN GRANDE,MERCADO VIRGEN DEL CARMEN,MERCADO JUAN PABLO II,MERCADO SANTIAGO APOSTOL,EX- MERCADO SARITA COLONIA,MERCADO MONTERRICO","MERCADO N° 2 ANEXO SURCO->2,MERCADO CASUARINAS->2,MERCADO SAN ROQUE->2,MERCADO MUNICIPAL N°1->2,MERCADO N° 1 - ANEXO->2,MERCADO ANDAHUAYLAS->2,MERCADO LA CAPULLANA->2,MERCADO N° 2->3,MERCADO EL EDEN DE MONTERRICO->2,MERCADO EL NAZARENO->2,MERCADO SEÑOR DE MURUHUAY->3,MERCADO COOPERATIVA LOS PASOS->2,MERCADO VIRGEN DE LA FAMILIA->2,MERCADO ROOSEVELT->2,MERCADO LOS PRECURSORES->2,MERCADO SEÑOR DE LA DIVINA MISERICORDIA->2,MERCADO PARTICULAR LOS PROCERES->2,MERCADO LOS PROCERES->2,MERCADO 18 DE ENERO->2,MERCADO EL PINO->2,MERCADO SANTA ROSA->2,MERCADO TREBOL->2,MERCADO EL EDEN->2,SIN NOMBRE->2,MERCADO MONTE ALAMO->2,MERCADO DEL PUEBLO->2,MERCADO SEÑOR DE LOS MILAGROS->2,MERCADO PROLONGACION BENAVIDES->2,MERCADO SAN JUAN GRANDE->2,MERCADO VIRGEN DEL CARMEN->2,MERCADO JUAN PABLO II->2,MERCADO SANTIAGO APOSTOL->2,EX- MERCADO SARITA COLONIA->2,MERCADO MONTERRICO->2"
150115,33,33,33,33,294,"MERCADO UNICACHI,MERCADO MUNICIPAL 01 MANCO CAPAC,MERCADO MAYORISTA DE FRUTAS,MERCADO 9 DE OCTUBRE,MERCADO MINORISTA N° 1,MERCADO 3 DE FEBRERO,CENTRO COMERCIAL PALERMO,MERCADO SEÑOR DE LOS MILAGROS,MERCADO 27 DE ABRIL,MERCADO LA ESQUINA DEL MOVIMIENTO,MERCADO 01 DE MAYO,MERCADO TERCER MILENIO,MERCADO LA ESPERANZA DE PORVENIR,MERCADO MODELO LAS TRES MARIAS,MERCADO MODELO DE FRUTA,MERCADO SAN PEDRO,MINIMERCADO SANTA ROSA,MERCADO GARCIA NARANJO,MERCADO SEÑOR DE MURUHUAY,MERCADO VIRGEN DE LAS VICTORIAS,MERCADO JORGE CHAVEZ,MERCADO LA POLVORA,MERCADO SANTA ROSA,MERCADO LOS MILAGROS,MERCADO JESUS MI SALVADOR,MERCADO MODERNO Nº1,MERCADO SAN PABLO,MERCADO HUAMANGA,MERCADO COOPERATIVO BALCONCILLO,MERCADO 18 DE ENERO,MERCADO MATUTE,MERCADO RONDON,EX PASAJE 3 DE FEBRERO","MERCADO UNICACHI->2,MERCADO MUNICIPAL 01 MANCO CAPAC->2,MERCADO MAYORISTA DE FRUTAS->1,MERCADO 9 DE OCTUBRE->2,MERCADO MINORISTA N° 1->2,MERCADO 3 DE FEBRERO->2,CENTRO COMERCIAL PALERMO->2,MERCADO SEÑOR DE LOS MILAGROS->2,MERCADO 27 DE ABRIL->2,MERCADO LA ESQUINA DEL MOVIMIENTO->2,MERCADO 01 DE MAYO->2,MERCADO TERCER MILENIO->2,MERCADO LA ESPERANZA DE PORVENIR->2,MERCADO MODELO LAS TRES MARIAS->2,MERCADO MODELO DE FRUTA->3,MERCADO SAN PEDRO->2,MINIMERCADO SANTA ROSA->2,MERCADO GARCIA NARANJO->2,MERCADO SEÑOR DE MURUHUAY->2,MERCADO VIRGEN DE LAS VICTORIAS->2,MERCADO JORGE CHAVEZ->2,MERCADO LA POLVORA->2,MERCADO SANTA ROSA->2,MERCADO LOS MILAGROS->2,MERCADO JESUS MI SALVADOR->2,MERCADO MODERNO Nº1->2,MERCADO SAN PABLO->2,MERCADO HUAMANGA->3,MERCADO COOPERATIVO BALCONCILLO->2,MERCADO 18 DE ENERO->2,MERCADO MATUTE->2,MERCADO RONDON->2,EX PASAJE 3 DE FEBRERO->2"
21801,32,32,32,32,901,"MERCADO TRES ESTRELLAS,MERCADO 2 DE MAYO,MERCADO SAN JOSE,MERCADO LA PERLA,MERCADO NUEVA ESPERANZA,MERCADO CHACRA A LA OLLA,LOS FERROLES,MERCADO LA SIRENA,MERCADO AÑO NUEVO,MERCADO SAN JUAN,MERCADO 2 DE JUNIO,MERCADO ISRAELITAS,MERCADO NUEVO PROGRESO,MERCADO PUEBLOS UNIDOS,MERCADO POPULAR EL BARATILLO,MERCADO BETHEL,PEQUEÑO MERCADO LA FLORIDA,MERCADO CESAR VALLEJO,MERCADO LA UNION,MERCADO FERROCARRIL,MERCADO DEL CARMEN,MERCADO PROGRESO,MERCADO DE RINCONADA,MERCADO 21 DE ABRIL,MERCADO TUPAC AMARU,MERCADO SAN PEDRO,MERCADO EL TRAPECIO,MERCADO MIRAMAR,MERCADO ALFONSO UFARTE,MERCADO LA FLORIDA,MERCADO BOLIVAR,MERCADO MODELO","MERCADO TRES ESTRELLAS->3,MERCADO 2 DE MAYO->3,MERCADO SAN JOSE->2,MERCADO LA PERLA->3,MERCADO NUEVA ESPERANZA->2,MERCADO CHACRA A LA OLLA->2,LOS FERROLES->2,MERCADO LA SIRENA->2,MERCADO AÑO NUEVO->2,MERCADO SAN JUAN->2,MERCADO 2 DE JUNIO->2,MERCADO ISRAELITAS->2,MERCADO NUEVO PROGRESO->2,MERCADO PUEBLOS UNIDOS->2,MERCADO POPULAR EL BARATILLO->2,MERCADO BETHEL->2,PEQUEÑO MERCADO LA FLORIDA->2,MERCADO CESAR VALLEJO->2,MERCADO LA UNION->2,MERCADO FERROCARRIL->2,MERCADO DEL CARMEN->2,MERCADO PROGRESO->2,MERCADO DE RINCONADA->2,MERCADO 21 DE ABRIL->2,MERCADO TUPAC AMARU->2,MERCADO SAN PEDRO->2,MERCADO EL TRAPECIO->2,MERCADO MIRAMAR->2,MERCADO ALFONSO UFARTE->2,MERCADO LA FLORIDA->2,MERCADO BOLIVAR->2,MERCADO MODELO->2"
150137,30,30,30,30,"1,130","EMMSA,LA MODERNA,MERCADO 1 DE MAYO,LOS FICUS,MINIMARKET SAN MARTIN DE PORRES,MERCADO SANTA ANITA,MERCADO UNION,CENTRO COMERCIAL ALAMEDA DE ATE,MERCADO EL EDEN,SEÑOR DE LOS MILAGROS,MERCADO LA ENCALADA,RESIDENCIAL SANTA ANITA,LOS PILCOS,HUAROCHIRANO,MERCADO Y GALERIA LA UNIVERSAL,MINIMERCADO LOS MOLLES,MERCADO LOS VIRREYES,MERCADO 20 DE ENERO,MERCADO SANTA ROSA DE PACHACUTEC,VIRGEN DE LAS MERCEDES,MERCADO SAN CARLOS,ASOCIACION COMERCIANTES DEL MERCADO SEÑOR DE LOS MILAGROS,MINIMERCADO VIRGEN DEL CARMEN,MERCADO MODELO LOS FICUS,MERCADO LAS PERDICES,MERCADO SANTA ROSA DE QUIVES,MERCADO SANTA ROSA,MARCELINO VARELA,SANTA ANITA,MERCADO HUASCAR","EMMSA->1,LA MODERNA->2,MERCADO 1 DE MAYO->2,LOS FICUS->2,MINIMARKET SAN MARTIN DE PORRES->2,MERCADO SANTA ANITA->2,MERCADO UNION->2,CENTRO COMERCIAL ALAMEDA DE ATE->2,MERCADO EL EDEN->2,SEÑOR DE LOS MILAGROS->2,MERCADO LA ENCALADA->2,RESIDENCIAL SANTA ANITA->2,LOS PILCOS->2,HUAROCHIRANO->2,MERCADO Y GALERIA LA UNIVERSAL->2,MINIMERCADO LOS MOLLES->2,MERCADO LOS VIRREYES->2,MERCADO 20 DE ENERO->2,MERCADO SANTA ROSA DE PACHACUTEC->2,VIRGEN DE LAS MERCEDES->2,MERCADO SAN CARLOS->2,ASOCIACION COMERCIANTES DEL MERCADO SEÑOR DE LOS MILAGROS->2,MINIMERCADO VIRGEN DEL CARMEN->2,MERCADO MODELO LOS FICUS->2,MERCADO LAS PERDICES->2,MERCADO SANTA ANITA->1,MERCADO SANTA ROSA DE QUIVES->2,MERCADO SANTA ROSA->2,MARCELINO VARELA->2,SANTA ANITA->2,MERCADO HUASCAR->2"
120114,28,28,28,28,124,"MINIMERCADO EL SOL,MERCADO MODELO EL TAMBO,MERCADO DIONI,MERCADO VICTOR RAUL,MERCADO CENTRAL LA VICTORIA,MERCADILLO SAGRADO CORAZON DE JESUS,MERCADO LORENTE,MERCADO 3 DE OCTUBRE,MERCADO GRAU,MERCADO FERROCARRIL,MERCADO SEÑOR DE LOS MILAGROS,MERCADO MAGA,MERCADO LA ALBORADITA,MERCADO DON LUCHO,MERCADO SAN MIGUEL ARCANGEL,MERCADO SAN RAFAEL,MERCADO LAS DELICIAS,MERCADO GILBERTO HERRERA,MERCADO LOS ANGELES,APOSTOL SANTIAGO,MERCADILLO ""LAS HORTALIZAS"",MERCADO MARISCAL CASTILLA,MERCADO MICAELA BASTIDAS,MERCADO JORGE CHAVEZ,MERCADO CENTRAL CIUDAD UNIVERSITARIA,MERCADO LAS COLINAS,MERCADO PIO PATA,MERCADO LA FLORIDA","MINIMERCADO EL SOL->2,MERCADO MODELO EL TAMBO->2,MERCADO DIONI->2,MERCADO VICTOR RAUL->2,MERCADO CENTRAL LA VICTORIA->2,MERCADILLO SAGRADO CORAZON DE JESUS->2,MERCADO LORENTE->2,MERCADO 3 DE OCTUBRE->2,MERCADO GRAU->2,MERCADO FERROCARRIL->2,MERCADO SEÑOR DE LOS MILAGROS->2,MERCADO MAGA->2,MERCADO LA ALBORADITA->2,MERCADO DON LUCHO->2,MERCADO SAN MIGUEL ARCANGEL->2,MERCADO SAN RAFAEL->2,MERCADO LAS DELICIAS->2,MERCADO GILBERTO HERRERA->2,MERCADO LOS ANGELES->2,APOSTOL SANTIAGO->2,MERCADILLO ""LAS HORTALIZAS""->2,MERCADO MARISCAL CASTILLA->2,MERCADO MICAELA BASTIDAS->2,MERCADO JORGE CHAVEZ->2,MERCADO CENTRAL CIUDAD UNIVERSITARIA->2,MERCADO LAS COLINAS->2,MERCADO PIO PATA->2,MERCADO LA FLORIDA->2"
150125,28,28,28,28,327,"VIRGEN DE LAS MERCEDES DE COPACABANA,MERCADO HUAMANTANGA,EL MERCADITO,PLAZA F,MERCADO LAS FRESAS,MERCADO OROPEZA,MERCADO LAS 3 REGIONES,MERCADO EL DORADO,MERCADO MODELO 28 DE NOVIEMBRE,MERCADO BAYALASU,MERCADO TAMBO INGA,MERCADO MONUMENTAL,MERCADO MODELO CRUZ DE MOTUPE,MERCADO CRUZ DE MOTUPE,SEÑOR DE LOS MILAGROS,MERCADO MADRE TERESA DE CALCUTA,MERCADO 15 DE JUNIO,MERCADO CRUZ DE MAYO,MERCADO MODELO LOS PORTALES,MERCADO NRO 1,MERCADO SANTA ROSA,MERCADO MODELO CHILLON,SANTA ROSA,MERCADO SEÑOR DE LOS MILAGROS,MERCADO BELEN,MERCADO VIRGEN DEL CARMEN,MERCADO BELLA AURORA,MERCADO CENTRAL","VIRGEN DE LAS MERCEDES DE COPACABANA->2,MERCADO HUAMANTANGA->3,EL MERCADITO->2,PLAZA F->2,MERCADO LAS FRESAS->2,MERCADO OROPEZA->2,MERCADO LAS 3 REGIONES->3,MERCADO EL DORADO->2,MERCADO MODELO 28 DE NOVIEMBRE->2,MERCADO BAYALASU->2,MERCADO TAMBO INGA->2,MERCADO MONUMENTAL->2,MERCADO MODELO CRUZ DE MOTUPE->2,MERCADO CRUZ DE MOTUPE->2,SEÑOR DE LOS MILAGROS->2,MERCADO MADRE TERESA DE CALCUTA->2,MERCADO 15 DE JUNIO->2,MERCADO CRUZ DE MAYO->2,MERCADO MODELO LOS PORTALES->2,MERCADO NRO 1->2,MERCADO SANTA ROSA->2,MERCADO MODELO CHILLON->3,SANTA ROSA->2,MERCADO SEÑOR DE LOS MILAGROS->2,MERCADO BELEN->2,MERCADO VIRGEN DEL CARMEN->2,MERCADO BELLA AURORA->2,MERCADO CENTRAL->2"
150128,25,25,25,25,164,"MERCADO CIUDAD Y CAMPO,MERCADO LA CHIRA,MERCADO MAYORISTA DE FRUTAS,MERCADO EL TREBOL,MERCADO VENTURA ROSSI,MERCADO LIMONCILLO,CAMPO FERIAL ROMERO,MERCADO SEÑORA DEL ROSARIO,MERCADO SAN CARLOS,MERCADO LA QUINTA DE PIZARRO,MERCADO BUEN JESUS,MERCADO DE LIMONCILLO,MERCADO GALERIA EL BOSQUE,MERCADO DE FRUTA EL SEÑOR DE MURUHUAY,MERCADO MARIA PARADO DE BELLIDO,MERCADO VENTURA ROSSI - A,MERCADO COOPERATIVA CIUDAD Y CAMPO,MERCADO 1 DE MAYO DE FLOR DE AMANCAES,MERCADO FLOR DE AMANCAES,MERCADO BARATILLO,MERCADO SAN JUAN DE AMANCAES,MERCADO CHACHI EDUARDO DIBOS,MERCADO COOPERATIVO ACHO,MICROMERCADO LA FLORIDA,EL MERCADO RIMAC","MERCADO CIUDAD Y CAMPO->2,MERCADO LA CHIRA->2,MERCADO MAYORISTA DE FRUTAS->3,MERCADO EL TREBOL->2,MERCADO EL TREBOL->3,MERCADO VENTURA ROSSI->2,MERCADO LIMONCILLO->2,CAMPO FERIAL ROMERO->2,MERCADO SEÑORA DEL ROSARIO->2,MERCADO SAN CARLOS->2,MERCADO LA QUINTA DE PIZARRO->2,MERCADO BUEN JESUS->2,MERCADO DE LIMONCILLO->2,MERCADO GALERIA EL BOSQUE->2,MERCADO DE FRUTA EL SEÑOR DE MURUHUAY->2,MERCADO MARIA PARADO DE BELLIDO->2,MERCADO VENTURA ROSSI - A->2,MERCADO COOPERATIVA CIUDAD Y CAMPO->2,MERCADO 1 DE MAYO DE FLOR DE AMANCAES->2,MERCADO FLOR DE AMANCAES->2,MERCADO BARATILLO->2,MERCADO SAN JUAN DE AMANCAES->2,MERCADO CHACHI EDUARDO DIBOS->2,MERCADO COOPERATIVO ACHO->2,MICROMERCADO LA FLORIDA->2,EL MERCADO RIMAC->2"
150106,23,23,23,23,139,"MERCADO FE Y ESPERANZA,MERCADO NUEVA JERUSALEN,MERCADO LA FRONTERA,MERCADO SANTA ROSA,MERCADO TAMBO,GRAN MERCADO PLAZA SAN JOSE,MERCADO EL ESTABLO,MERCADO LOS VENCEDORES,MERCADO EL SOL NACIENTE,MERCADO SIEMPRE VIVA,SANTA ROSA DE PUNCHAUCA CARABAYLLO,MERCADO 26 DE ABRIL,MERCADO NUEVO PROGRESO,MERCADO SEÑOR DE LOS MILAGROS,SUPERMERCADO SARITA COLONIA,MERCADO MODELO TUNGASUCA,MERCADO LUCYANA,MERCADO 12 DE AGOSTO,JOSE CARLOS MARIATEGUI,MERCADO SAN PEDRO,MERCADO CENTRAL EL PROGRESO,MERCADO 23 DE OCTUBRE,MERCADO NRO 1","MERCADO FE Y ESPERANZA->2,MERCADO NUEVA JERUSALEN->2,MERCADO LA FRONTERA->2,MERCADO SANTA ROSA->2,MERCADO TAMBO->3,GRAN MERCADO PLAZA SAN JOSE->2,MERCADO EL ESTABLO->2,MERCADO LOS VENCEDORES->2,MERCADO EL SOL NACIENTE->2,MERCADO SIEMPRE VIVA->2,SANTA ROSA DE PUNCHAUCA CARABAYLLO->2,MERCADO 26 DE ABRIL->2,MERCADO NUEVO PROGRESO->2,MERCADO SEÑOR DE LOS MILAGROS->2,SUPERMERCADO SARITA COLONIA->2,MERCADO MODELO TUNGASUCA->2,MERCADO LUCYANA->2,MERCADO 12 DE AGOSTO->2,JOSE CARLOS MARIATEGUI->2,MERCADO SAN PEDRO->2,MERCADO CENTRAL EL PROGRESO->2,MERCADO 23 DE OCTUBRE->2,MERCADO NRO 1->2"
150105,21,21,21,21,193,"MERCADO MEGA REKORD,MERCADO LAS FLORES DE BREÑA,MERCADO RESTAURACION AZCONA,MERCADO N° 3 DE BREÑA,MERCADO LORETO,SIN NOMBRE,MERCADO DE LA TERCERA CUADRA DE LORETO,MERCADO DE PRODUCTORES NRO 5,MERCADO MANOA,MERCADO J.J.,MERCADO EL BUEN FUTURO,MERCADO MARIA AUXILIADORA,MERCADO NUEVO MILENIO,MERCADO SANTA ROSA,MERCADO HUARAZ,MERCADO CARHUAZ,MERCADO DE CHACRA COLORADA,MERCADO PROVEEDORES UNIDOS N° 4,COMERCIAL SAN JOSE,MERCADO NOSIGLIA,MERCADO VIRGEN DEL CARMEN","MERCADO MEGA REKORD->2,MERCADO LAS FLORES DE BREÑA->3,MERCADO RESTAURACION AZCONA->2,MERCADO N° 3 DE BREÑA->2,MERCADO LORETO->2,SIN NOMBRE->2,MERCADO DE LA TERCERA CUADRA DE LORETO->2,MERCADO DE PRODUCTORES NRO 5->2,MERCADO MANOA->2,MERCADO J.J.->2,MERCADO EL BUEN FUTURO->2,MERCADO MARIA AUXILIADORA->2,MERCADO NUEVO MILENIO->2,MERCADO SANTA ROSA->2,MERCADO HUARAZ->2,MERCADO CARHUAZ->2,MERCADO DE CHACRA COLORADA->2,MERCADO PROVEEDORES UNIDOS N° 4->2,COMERCIAL SAN JOSE->2,MERCADO NOSIGLIA->2,MERCADO VIRGEN DEL CARMEN->2"
150111,21,21,21,21,144,"MINI MARKET SEÑOR DE LOS MILAGROS,MERCADITO,MERCADO TRES DE OCTUBRE,VIRGEN DE COCHARCAS,SIN NOMBRE,MERCADO CHIQUIAN,MERCADO ALAMOS,MINI MERCADO LAS ESMERALDAS,MERCADO LAS MAGNOLIAS,MERCADO ANCIETA ALTA,BOSQUE HUANCA SAN HILARION,MERCADO MODELO CIRCUNVALACION,MERCADO 24 DE JULIO,MERCADO TAYACAJA,MERCADO VICTOR SALCEDO,MERCADO LOS ANDES,DOCE DE JULIO,VILLA HERMOZA,7 DE NOVIEMBRE,1ERO DE JULIO,MERCADO LA UNION","MINI MARKET SEÑOR DE LOS MILAGROS->2,MERCADITO->2,MERCADO TRES DE OCTUBRE->2,VIRGEN DE COCHARCAS->2,SIN NOMBRE->2,MERCADO CHIQUIAN->2,MERCADO ALAMOS->2,MINI MERCADO LAS ESMERALDAS->2,MERCADO LAS MAGNOLIAS->2,MERCADO ANCIETA ALTA->2,BOSQUE HUANCA SAN HILARION->2,MERCADO MODELO CIRCUNVALACION->2,MERCADO 24 DE JULIO->2,MERCADO TAYACAJA->2,MERCADO VICTOR SALCEDO->2,MERCADO LOS ANDES->2,DOCE DE JULIO->2,VILLA HERMOZA->2,7 DE NOVIEMBRE->2,1ERO DE JULIO->2,MERCADO LA UNION->2"
150136,20,20,20,20,113,"MERCADO DON PEDRITO,COMERCIAL MARANGA,EL METRITO,MERCADO DOMENIKA,MERCADO 15 DE DICIEMBRE,MERCADO MADRE MARIA TERESA DE CALCUTA,MERCADO LA HACIENDA,MERCADO 14 DE DICIEMBRE,MERCADO INSURGENTES,FERIA COMERCIAL PIO XII,MERCADO EL PROGRESO,MERCADO 17 DE ABRIL,MERCADO FAUCETT,MERCADO LIBERTAD,MERCADO SANTA ROSA,MERCADO DIEGO FERRER,MERCADO SAN JOSE,MERCADO MODELO SAN MIGUEL,MERCADO VIRGEN DE COPACABANA,MERCADO MIRAMAR","MERCADO DON PEDRITO->2,COMERCIAL MARANGA->2,EL METRITO->2,MERCADO DOMENIKA->2,MERCADO 15 DE DICIEMBRE->2,MERCADO MADRE MARIA TERESA DE CALCUTA->2,MERCADO LA HACIENDA->2,MERCADO 14 DE DICIEMBRE->2,MERCADO INSURGENTES->2,FERIA COMERCIAL PIO XII->2,MERCADO EL PROGRESO->2,MERCADO 17 DE ABRIL->2,MERCADO FAUCETT->2,MERCADO LIBERTAD->2,MERCADO SANTA ROSA->2,MERCADO DIEGO FERRER->2,MERCADO SAN JOSE->2,MERCADO MODELO SAN MIGUEL->2,MERCADO VIRGEN DE COPACABANA->2,MERCADO MIRAMAR->2"
150112,20,20,20,20,150,"OVALO DE NARANJAL,MERCADO ERMITAÑO,MERCADO MODELO,MINIMARKET NARANJAL,MERCADO SAN PEDRO Y SAN PABLO,MERCADO CENTRAL FEVACEL,MERCADO 7 DE ABRIL,MERCADO PEQUEÑO COMERCIANTES,MERCADO MICAELA BASTIDAS,MERCADO MESA REDONDA,MERCADO LOS INCAS,MERCADO NARANJAL,MERCADO TUPAC AMARU NRO 2,VIRGEN DEL CARMEN,MERCADO CENTRAL DE TAHUANTINSUYO,MIGUEL GRAU,MERCADO NRO 1 PAYET,MERCADO COOPERATIVA,MERCADO SAN MARTIN DE PORRES,19 DE JULIO","OVALO DE NARANJAL->2,MERCADO ERMITAÑO->2,MERCADO MODELO->2,MINIMARKET NARANJAL->2,MERCADO SAN PEDRO Y SAN PABLO->2,MERCADO CENTRAL FEVACEL->2,MERCADO 7 DE ABRIL->2,MERCADO PEQUEÑO COMERCIANTES->2,MERCADO MICAELA BASTIDAS->2,MERCADO MESA REDONDA->2,MERCADO LOS INCAS->2,MERCADO NARANJAL->2,MERCADO TUPAC AMARU NRO 2->2,VIRGEN DEL CARMEN->2,MERCADO CENTRAL DE TAHUANTINSUYO->2,MIGUEL GRAU->2,MERCADO NRO 1 PAYET->2,MERCADO COOPERATIVA->2,MERCADO SAN MARTIN DE PORRES->2,19 DE JULIO->2"
21809,19,19,19,19,152,"MERCADO DE LOS CONSTRUCTORES,MERCADO LOMAS DEL SUR,MERCADO SAN FELIPE,MERCADO LAS DELICIAS,MERCADO LOS CEDROS,NUEVO CHIMBOTE,MERCADO DE PESCADORES,MERCADO LA MOLINA,MERCADO HAWAI,MERCADO PPAO,MERCADO LAS BRISAS,MERCADO SANTA ROSA DE LIMA,MERCADO BELLAMAR,MERCADO LOS OLIVOS,AMPLIACION MERCADO BUENOS AIRES,MERCADO SANTA ROSA,MERCADO 3 DE OCTUBRE,MERCADO BUENOS AIRES,MERCADO VILLAMARIA","MERCADO DE LOS CONSTRUCTORES->2,MERCADO LOMAS DEL SUR->2,MERCADO SAN FELIPE->2,MERCADO LAS DELICIAS->2,MERCADO LOS CEDROS->2,NUEVO CHIMBOTE->2,MERCADO DE PESCADORES->2,MERCADO LA MOLINA->2,MERCADO HAWAI->2,MERCADO PPAO->2,MERCADO LAS BRISAS->2,MERCADO SANTA ROSA DE LIMA->2,MERCADO BELLAMAR->2,MERCADO LOS OLIVOS->1,MERCADO LOS OLIVOS->2,AMPLIACION MERCADO BUENOS AIRES->2,MERCADO SANTA ROSA->2,MERCADO 3 DE OCTUBRE->2,MERCADO BUENOS AIRES->2,MERCADO VILLAMARIA->2"
120101,19,19,19,19,218,"MERCADO LA CASERITA,MERCADO NUEVA ESPERANZA,MERCADO CENTRO COMERCIAL SANTA MARIA,MERCADO MAYORISTA DE PRODUCTORES EX MALTERIA LIMA,MERCADO RAEZ PATIÑO,MERCADO MAYORISTA DE PAPAS Y CARBONES PLAZA MIGUEL SOTELO,MERCADO MODELO,MERCADILLO SANTO DOMINGO,MERCADO DOS DE MAYO,MERCADO YANAMA,MERCADO PLAZA CENTRAL,MERCADO FERROVIARIOS,CENTRO COMERCIAL NAZARETH,MERCADO DE JUGOS Y ANIMALES,MERCADO REGION HUANCA,MERCADO ANDALUZ,MERCADO DE COLORES Y PLANTAS,MERCADO PRIMAVERA,MERCADO  DE CHOCLOS","MERCADO LA CASERITA->3,MERCADO NUEVA ESPERANZA->2,MERCADO CENTRO COMERCIAL SANTA MARIA->2,MERCADO MAYORISTA DE PRODUCTORES EX MALTERIA LIMA->3,MERCADO RAEZ PATIÑO->3,MERCADO MAYORISTA DE PAPAS Y CARBONES PLAZA MIGUEL SOTELO->1,MERCADO MODELO->2,MERCADILLO SANTO DOMINGO->2,MERCADO DOS DE MAYO->2,MERCADO YANAMA->2,MERCADO PLAZA CENTRAL->2,MERCADO FERROVIARIOS->2,CENTRO COMERCIAL NAZARETH->2,MERCADO DE JUGOS Y ANIMALES->2,MERCADO REGION HUANCA->1,MERCADO ANDALUZ->2,MERCADO DE COLORES Y PLANTAS->3,MERCADO PRIMAVERA->2,MERCADO  DE CHOCLOS->3"
150118,19,19,19,19,146,"MERCADO LA PARADITA,CORAZON DE JESUS,MERCADO LA FLORIDA,CARAPONGO,MERCADO LA ENCALADA,FLOR DE OLIVA,MERCADO VIRGEN NATIVIDAD,MERCADO SAN ANTONIO,MERCADO MODELO JICAMARCA,MERCADO VIRGEN DEL CARMEN,MERCADO LA UNION DE CAJAMARQUILLA,MERCADO DIGNIDAD NACIONAL,MERCADO DIGNIDAD HUACHIPA,VIRGEN  INMACULADA DE LA CONCEPCION,MERCADO AVELINO CACERES,MERCADO VIRGEN DE COCHARCAS,MERCADO SOL DE CHOSICA,MERCADO SEÑOR DE LOS MILAGROS,MERCADO CENTRAL CORAZON DE JESUS","MERCADO LA PARADITA->2,CORAZON DE JESUS->2,MERCADO LA FLORIDA->2,CARAPONGO->2,MERCADO LA ENCALADA->2,FLOR DE OLIVA->2,MERCADO VIRGEN NATIVIDAD->2,MERCADO SAN ANTONIO->2,MERCADO MODELO JICAMARCA->2,MERCADO VIRGEN DEL CARMEN->2,MERCADO LA UNION DE CAJAMARQUILLA->2,MERCADO DIGNIDAD NACIONAL->2,MERCADO DIGNIDAD HUACHIPA->2,VIRGEN  INMACULADA DE LA CONCEPCION->2,MERCADO AVELINO CACERES->2,MERCADO VIRGEN DE COCHARCAS->2,MERCADO SOL DE CHOSICA->2,MERCADO SEÑOR DE LOS MILAGROS->2,MERCADO CENTRAL CORAZON DE JESUS->2"
40129,19,19,19,19,903,"MERCADO PARA TODOS,4 DE AGOSTO,GRATERSA,MERSUR,MI MERCADO,MERCADO DIVINO NIÑO,SUR ANDINO,METROPOLITANO,MERCADO NUEVO AMANECER,SEÑOR DE LUREN,ALTIPLANO LOS INCAS,MERCADO NUEVA ESPERANZA,SEÑOR DEL GRAN PODER,MERCADO VIRGEN DE CHAPI,MERCADO NUEVA AURORA,MERCADO 3 DE OCTUBRE,MERCADO TOTAL,MERCADO ZONAL SIMON BOLIVAR,13 DE ENERO","MERCADO PARA TODOS->2,4 DE AGOSTO->3,GRATERSA->3,MERSUR->3,MI MERCADO->3,MERCADO DIVINO NIÑO->2,SUR ANDINO->3,METROPOLITANO->3,MERCADO NUEVO AMANECER->2,SEÑOR DE LUREN->2,ALTIPLANO LOS INCAS->3,MERCADO NUEVA ESPERANZA->3,SEÑOR DEL GRAN PODER->2,MERCADO VIRGEN DE CHAPI->2,MERCADO NUEVA AURORA->3,MERCADO 3 DE OCTUBRE->2,MERCADO TOTAL->2,MERCADO ZONAL SIMON BOLIVAR->2,13 DE ENERO->2"
150801,19,19,19,19,159,"MINI MERCADO DE TUBERCULOS Y VERDURAS,MINI MERCADO KIAN,MERCADO MODELO Y CENTRAL,VIRGEN DE FATIMA,MERCADO CENTENARIO,CENTRO COMERCIAL PLAZA POPULAR,MERCADO NUEVA PARADA,PRIMER MERCADO MAYORISTA,SARITA COLONIA,MERCADO SAN ISIDRO,MERCADILLO DE JUAN BARRETO,ALMACEN ADELITA,MERCADO DE CRUZ DE CANO,MINI MARKET MAYO,ACOMERSUR,LUCHO POLO,MINI MERCADO RANTIN,MERCADITO,MERCADO SAN BARTOLOME","MINI MERCADO DE TUBERCULOS Y VERDURAS->2,MINI MERCADO KIAN->2,MERCADO MODELO Y CENTRAL->2,VIRGEN DE FATIMA->2,MERCADO CENTENARIO->2,CENTRO COMERCIAL PLAZA POPULAR->2,MERCADO NUEVA PARADA->3,PRIMER MERCADO MAYORISTA->1,SARITA COLONIA->2,MERCADO SAN ISIDRO->2,MERCADILLO DE JUAN BARRETO->2,ALMACEN ADELITA->2,MERCADO DE CRUZ DE CANO->2,MINI MARKET MAYO->2,ACOMERSUR->2,LUCHO POLO->2,MINI MERCADO RANTIN->2,MERCADITO->2,MERCADO SAN BARTOLOME->2"
130105,18,18,18,18,235,"MERCADO LEONCIO PRADO,MERCADO TAKAYNAMO,MERCADO SANTA VERONICA,MERCADO PROGRESO,MERCADO 28 DE JULIO,MERCADO VICTOR RAUL,MERCADILLO 23 DE MAYO DE 1923,MERCADO NAZARETH,MERCADO ACOMIMAR,MERCADO ACOMAR,MERCADO ZONAL JERUSALEN,PARQUE INDUSTRIAL,CESAR VALLEJO,LA MERCED,MERCADO BELLAVISTA,MERCADO SAN MARTIN,MERCADO VICTORIA,MERCADO MODELO","MERCADO LEONCIO PRADO->2,MERCADO TAKAYNAMO->2,MERCADO SANTA VERONICA->2,MERCADO PROGRESO->2,MERCADO 28 DE JULIO->2,MERCADO VICTOR RAUL->2,MERCADILLO 23 DE MAYO DE 1923->2,MERCADO NAZARETH->2,MERCADO ACOMIMAR->2,MERCADO ACOMAR->2,MERCADO ZONAL JERUSALEN->2,PARQUE INDUSTRIAL->2,CESAR VALLEJO->2,LA MERCED->2,MERCADO BELLAVISTA->2,MERCADO SAN MARTIN->2,MERCADO VICTORIA->2,MERCADO MODELO->2"
200101,17,17,17,17,434,"EX-FABRICA SAN MIGUEL,LAS CAPULLANAS,CENTRO COMERCIAL MERCADO DE TELAS,MERCADO MODELO DE PIURA,MERCADO ZONAL DE SAN JOSE,MERCADILLO SANTA ROSA,EL BOSQUE,MERCADO MINORISTA DE FRUTAS,MERCADO MAYORISTA LAS CAPULLANAS - ECOMAPSA,EX-MOSCU,EX TERMNAL PESQUERO,MERCADO MANUEL SEOANE,PLATAFORMA JUAN VELASCO,COMPLEJO COMERCIAL EX-MADEREROS,MERCADO DE HERBOLARIOS 2,SITMINPEP,MERCADO DE HERBOLARIOS","EX-FABRICA SAN MIGUEL->3,LAS CAPULLANAS->2,CENTRO COMERCIAL MERCADO DE TELAS->3,MERCADO MODELO DE PIURA->3,MERCADO ZONAL DE SAN JOSE->2,MERCADILLO SANTA ROSA->2,EL BOSQUE->3,MERCADO MINORISTA DE FRUTAS->2,MERCADO MAYORISTA LAS CAPULLANAS - ECOMAPSA->1,EX-MOSCU->2,EX TERMNAL PESQUERO->2,MERCADO MANUEL SEOANE->2,PLATAFORMA JUAN VELASCO->3,COMPLEJO COMERCIAL EX-MADEREROS->3,MERCADO DE HERBOLARIOS 2->3,SITMINPEP->2,MERCADO DE HERBOLARIOS->2"
140101,17,17,17,17,296,"MERCADO SOL DE ORO,MERCADO 9 DE OCUTBRE,MERCADO LA PRIMAVERA,COOPERATIVA DE SERVICIOS MULTIPLES MERCADO BOLOGNESI LTDA,MERCADO DE ABASTOS JOSE BALTA,MERCADO JOSE ABELARDO QUIÑONES GONZALES,MERCADITO BUENOS AIRES,MERCADO SANTA ROSA DE LIMA DEL PUEBLO JOVEN JOSE OLAYA,MERCADO CENTRAL,MERCADO MODELO,MERCADO DIEGO FERRE,BENJAMIN GAMARRA,MERCADO CABRERA,MERCADO ANA DE LOS ANGELES,MERCADO MERTRIUM (MERCADITO DE DOÑA EVELYN DE LOPEZ ),MERCADO DE COMPRAS,MERCADO VICTOR HAYA E LA TORRE","MERCADO SOL DE ORO->2,MERCADO 9 DE OCUTBRE->2,MERCADO LA PRIMAVERA->2,COOPERATIVA DE SERVICIOS MULTIPLES MERCADO BOLOGNESI LTDA->2,MERCADO DE ABASTOS JOSE BALTA->2,MERCADO JOSE ABELARDO QUIÑONES GONZALES->2,MERCADITO BUENOS AIRES->2,MERCADO SANTA ROSA DE LIMA DEL PUEBLO JOVEN JOSE OLAYA->2,MERCADO CENTRAL->2,MERCADO MODELO->2,MERCADO DIEGO FERRE->2,BENJAMIN GAMARRA->2,MERCADO CABRERA->2,MERCADO ANA DE LOS ANGELES->2,MERCADO MERTRIUM (MERCADITO DE DOÑA EVELYN DE LOPEZ )->2,MERCADO DE COMPRAS->2,MERCADO VICTOR HAYA E LA TORRE->2"
70104,16,16,16,16,43,"MERCADO MODELO LA PERLA,MERCADO METRITO,MERCADO PLAZA TROPICAL,MINIMERCADO LA ESTACION,MERCADO NUEVA PRIMAVERA,MERCADO NUEVA FAMILIA,MERCADO CAHUIDE,MERCADO 10 DE OCTUBRE,MERCADO 10 DE AGOSTO,MERCADO PARDO,MERCADO PERLEÑO,MERCADO 25 DE ABRIL,MERCADO LA MARINA,MERCADO RAMON CASTILLA,MINIMERCADO MINKILTA,MERCADO LA PERLA NRO 1","MERCADO MODELO LA PERLA->2,MERCADO METRITO->2,MERCADO PLAZA TROPICAL->2,MINIMERCADO LA ESTACION->2,MERCADO NUEVA PRIMAVERA->2,MERCADO NUEVA FAMILIA->2,MERCADO CAHUIDE->2,MERCADO 10 DE OCTUBRE->2,MERCADO 10 DE AGOSTO->2,MERCADO PARDO->2,MERCADO PERLEÑO->2,MERCADO 25 DE ABRIL->2,MERCADO LA MARINA->2,MERCADO RAMON CASTILLA->2,MINIMERCADO MINKILTA->2,MERCADO LA PERLA NRO 1->2"
150201,16,16,16,16,979,"MERCADO MODELO,MERCADILLO,MERCADO SOL NACIENTE,MERCADO JESUS DE BELEN,MERCADO PARADITA DE LOS PINOS,MERCADO BUENA VISTA,MINIMERCADO NUEVA ESPERANZA,MERCADO SEÑOR DE MAYO,MERCADO ALFONSO UGARTE,MERCADILLO AREQUIPA,MERCADO SEÑOR DE LOS MILAGROS,MERCADO SEÑOR DE COCHAS,MERCADO EL ANGEL,MERCADO CESAR VALLEJO,MERCADO CENTRAL PARTE BAJA,MERCADO CENTRAL DE BARRANCA","MERCADO MODELO->3,MERCADILLO->2,MERCADO SOL NACIENTE->2,MERCADO JESUS DE BELEN->2,MERCADO PARADITA DE LOS PINOS->2,MERCADO BUENA VISTA->2,MINIMERCADO NUEVA ESPERANZA->3,MERCADO SEÑOR DE MAYO->3,MERCADO ALFONSO UGARTE->2,MERCADILLO AREQUIPA->3,MERCADO SEÑOR DE LOS MILAGROS->3,MERCADO SEÑOR DE COCHAS->3,MERCADO EL ANGEL->2,MERCADO CESAR VALLEJO->2,MERCADO CENTRAL PARTE BAJA->3,MERCADO CENTRAL DE BARRANCA->2"
150123,15,15,15,15,86,"MERCADO EL JUMBO,MINI MERCADO DIVINO NIÑO,MERCADO SARITA COLONIA,VILLA HERMOSA,CENTRO COMERCIAL HUARCAYA,MERCADO 24 DE ENERO,NUEVO PROGRESO,ASOCIACION DE COMERCIANTES DEL MERCADO VIRGEN DEL CARMEN,LA UNION NUMERO 1,ASOCIACION DE COMERCIANTES DEL MERCADO DE PRODUCTORES AGROPECUARIOS DE LA COMUNIDAD CAMPESINA COLLAN,SANTA ROSA,DIVINO CORAZON DE JESUS,VIRGEN DEL CARMEN,MERCADO SAN MARTIN,MERCADO MUNICIPAL","MERCADO EL JUMBO->2,MINI MERCADO DIVINO NIÑO->3,MERCADO SARITA COLONIA->2,VILLA HERMOSA->2,CENTRO COMERCIAL HUARCAYA->2,MERCADO 24 DE ENERO->2,NUEVO PROGRESO->2,ASOCIACION DE COMERCIANTES DEL MERCADO VIRGEN DEL CARMEN->2,LA UNION NUMERO 1->2,ASOCIACION DE COMERCIANTES DEL MERCADO DE PRODUCTORES AGROPECUARIOS DE LA COMUNIDAD CAMPESINA COLLAN->3,SANTA ROSA->2,DIVINO CORAZON DE JESUS->2,VIRGEN DEL CARMEN->3,MERCADO SAN MARTIN->2,MERCADO MUNICIPAL->2"
150141,14,14,14,14,170,"MERCADO LA CALERA,MERCADITO DE VILLA VICTORIA,MERCADO MANUEL GONZALES PRADA,MERCADO N° 2 SURQUILLO,MERCADO HUASCAR,MERCADO SANTA ROSA,ANGAMOS MARKET,MERCADO N° 01 DE SURQUILLO,MERCADO COSMOS,MERCADO LEONCIO PRADO,MERCADO SAN FELIPE,GONZALES PRADA,MERCADO MOROCOCHA,MERCADO SALAVERRY","MERCADO LA CALERA->2,MERCADITO DE VILLA VICTORIA->2,MERCADO MANUEL GONZALES PRADA->2,MERCADO N° 2 SURQUILLO->2,MERCADO HUASCAR->2,MERCADO SANTA ROSA->2,ANGAMOS MARKET->2,MERCADO N° 01 DE SURQUILLO->2,MERCADO COSMOS->2,MERCADO LEONCIO PRADO->2,MERCADO SAN FELIPE->2,GONZALES PRADA->2,MERCADO MOROCOCHA->2,MERCADO SALAVERRY->2"
50101,14,14,14,14,446,"MERCADO MAYORISTA NERY GARCIA ZARATE,MERCADO MARISCAL CACERES,PLAYA GRAU,MERCADO MAGDALENA,SANTA CLARA,MERCADO ANDRES VIVANCO,MERCADILLO DE LA ASOCIACION DE PRODUCTORES ANDRES AVELINO CACERES DORREGARAY,GALERIA CENTRAL,MERCADILLO PIO MAX,MERCADO EX CONTROL,ASOCIACION DE PROPIETARIOS MERCADO SEÑOR DE AREQUIPA,MERCADO TRIANGULO,MERCADO 12 DE ABRIL,MERCADO SANTA ELENA","MERCADO MAYORISTA NERY GARCIA ZARATE->3,MERCADO MARISCAL CACERES->2,PLAYA GRAU->2,MERCADO MAGDALENA->2,SANTA CLARA->2,MERCADO ANDRES VIVANCO->2,MERCADILLO DE LA ASOCIACION DE PRODUCTORES ANDRES AVELINO CACERES DORREGARAY->2,GALERIA CENTRAL->2,MERCADILLO PIO MAX->2,MERCADO EX CONTROL->2,ASOCIACION DE PROPIETARIOS MERCADO SEÑOR DE AREQUIPA->2,MERCADO TRIANGULO->2,MERCADO 12 DE ABRIL->2,MERCADO SANTA ELENA->2"
150134,14,14,14,14,52,"MERCADO SANTA ROSA DE LA VIÑA,LA ECONOMICA,MERCADO DEL AIRE,ASOCIACION DE COMERCIANTES SR. DE MURUHUAY,SEÑOR DE LOS MILAGROS,CENTRO COMERCIAL VIRGEN DEL CARMEN,MINIMERCADO SEÑOR DE LOS MILAGROS,1° DE MAYO,MERCADO ROYAL,MERCADO VILLA JARDIN,ASOCIACION COMERCIAL VIRGEN DE COCHARCAS,MERCADO LA UNION,MERCADO 7 DE JUNIO,ASOCIACION DE PROPIETARIOS DEL MERCADO  SAN LUIS","MERCADO SANTA ROSA DE LA VIÑA->2,LA ECONOMICA->2,MERCADO DEL AIRE->2,ASOCIACION DE COMERCIANTES SR. DE MURUHUAY->2,SEÑOR DE LOS MILAGROS->2,CENTRO COMERCIAL VIRGEN DEL CARMEN->2,MINIMERCADO SEÑOR DE LOS MILAGROS->2,1° DE MAYO->2,MERCADO ROYAL->2,MERCADO VILLA JARDIN->2,ASOCIACION COMERCIAL VIRGEN DE COCHARCAS->2,MERCADO LA UNION->2,MERCADO 7 DE JUNIO->2,ASOCIACION DE PROPIETARIOS DEL MERCADO  SAN LUIS->2"
230101,13,13,13,13,795,"CENTRO COMERCIAL GRAU,MERCADO 1° DE MAYO,MERCADO MAYORISTA PESQUERO,MERCADO DE ABASTOS LEONCIO PRADO,L MERCADO DE ABASTOS TUPAC AMARU,MERCADO CENTRAL,MERCADO DE ABASTOS CORONEL BOLOGNESI,MERCADO 2 DE MAYO,CENTRO COMERCIAL LOYOLA,MERCADO SANTA SUSANA,ASOCIACION COMERCIAL MINORISTA GREGORIO ALBARRACIN,MERCADO LA NATIVIDAD,MERCADO JULIO ROSPIGLIOSI","CENTRO COMERCIAL GRAU->3,MERCADO 1° DE MAYO->2,MERCADO MAYORISTA PESQUERO->3,MERCADO DE ABASTOS LEONCIO PRADO->2,L MERCADO DE ABASTOS TUPAC AMARU->2,MERCADO CENTRAL->2,MERCADO DE ABASTOS CORONEL BOLOGNESI->2,MERCADO 2 DE MAYO->2,CENTRO COMERCIAL LOYOLA->2,MERCADO SANTA SUSANA->2,ASOCIACION COMERCIAL MINORISTA GREGORIO ALBARRACIN->2,MERCADO LA NATIVIDAD->2,MERCADO JULIO ROSPIGLIOSI->2"
40112,13,13,13,13,86,"MANUEL PRADO,MERCADO NUEVO MILENIO,MERCADO SANTA ROSA,MERCADO IMACULADA CONCEPCION,MERCADO ISRAEL,CENTRO COMERCIAL MERCADO BELEN,MERCADO MICAELA BASTIDAS,MERCADO ALTO PORONGOCHE,MERCADO ALFONSO UGARTE DE ALTO JESUS,MERCADO MORRO DE ARICA,MERCADO CAMPO DE MARTE,MERCADO ZONAL MIGUEL GRAU,MERCADO ZONAL 15 DE AGOSTO","MANUEL PRADO->3,MERCADO NUEVO MILENIO->2,MERCADO SANTA ROSA->2,MERCADO IMACULADA CONCEPCION->2,MERCADO ISRAEL->2,CENTRO COMERCIAL MERCADO BELEN->2,MERCADO MICAELA BASTIDAS->2,MERCADO ALTO PORONGOCHE->2,MERCADO ALFONSO UGARTE DE ALTO JESUS->2,MERCADO MORRO DE ARICA->2,MERCADO CAMPO DE MARTE->2,MERCADO ZONAL MIGUEL GRAU->2,MERCADO ZONAL 15 DE AGOSTO->2"
211101,13,13,13,13,583,"MERCADO SANTA MARIA,PLATAFORMA COMERCIAL LAS MERCEDES,PEDRO VILCAPAZA,CERRO COLORADO,MERCADO TUPAC AMARU,MERCADO SANTA BARBARA,MERCADO LOS ANGELES,ASOCIACION PARAISO,LOS CARNICEROS,TAMBOPATA,MANCO CAPAC,SAN LUIS CAPILLA,SANTA JUANA","MERCADO SANTA MARIA->1,PLATAFORMA COMERCIAL LAS MERCEDES->2,PEDRO VILCAPAZA->2,CERRO COLORADO->2,MERCADO TUPAC AMARU->2,MERCADO SANTA BARBARA->2,MERCADO LOS ANGELES->2,ASOCIACION PARAISO->2,LOS CARNICEROS->2,TAMBOPATA->3,MANCO CAPAC->3,SAN LUIS CAPILLA->2,SANTA JUANA->2"
150119,13,13,13,13,109,"MERCADO SANTA ROSA,CENTRO COMERCIAL LURIN,ASOCIACION DE COMERCIANTES SAN ISIDRO LABRADOR LURIN,LURIN CENTER,SAN PEDRO,SANTISIMO SALVADOR,MERCADO SEÑOR DE CAUTIVO,MERCADO VIRGEN DEL CAMEN,CENTRO COMERCIAL ARICA,MERCADO VIRGEN DE LAS MERCEDES,MERCADO VILLA ALEJANDRO,6 DE FEBRERO,ASOCIACION DE COMERCIANTES DE MERCADO VIRGEN DE FATIMA LURIN MERCADO MUNICIPAL","MERCADO SANTA ROSA->2,CENTRO COMERCIAL LURIN->2,ASOCIACION DE COMERCIANTES SAN ISIDRO LABRADOR LURIN->2,LURIN CENTER->2,SAN PEDRO->2,SANTISIMO SALVADOR->2,MERCADO SEÑOR DE CAUTIVO->2,MERCADO VIRGEN DEL CAMEN->2,CENTRO COMERCIAL ARICA->2,MERCADO VIRGEN DE LAS MERCEDES->3,MERCADO VILLA ALEJANDRO->3,6 DE FEBRERO->2,ASOCIACION DE COMERCIANTES DE MERCADO VIRGEN DE FATIMA LURIN MERCADO MUNICIPAL->2"
40104,13,13,13,13,112,"MERCADO ZAMACOLA,LA LIBERTAD,MERCADO MAYORISTA METROPOLITANO RIO SECO,CENTRO COMERCIAL MEGACENTRO BONANZA,MERCADO VIRGEN DE CHAPI,LA MONTAÑITA,DEL PUEBLO,FERIA MUNICIPAL MERCADO FREDICOM,SAN MIGUEL DE ILAVE,VIRGEN DE LA ASUNCION AZANGARO,MERCADO MAYORISTA SAN PEDRO PESCADOR,POLVOS AZULES,MERCADO SAN MARTIN DE PORRES","MERCADO ZAMACOLA->3,LA LIBERTAD->2,MERCADO MAYORISTA METROPOLITANO RIO SECO->3,CENTRO COMERCIAL MEGACENTRO BONANZA->3,MERCADO VIRGEN DE CHAPI->3,LA MONTAÑITA->2,DEL PUEBLO->2,FERIA MUNICIPAL MERCADO FREDICOM->2,SAN MIGUEL DE ILAVE->3,VIRGEN DE LA ASUNCION AZANGARO->2,MERCADO MAYORISTA SAN PEDRO PESCADOR->3,POLVOS AZULES->2,MERCADO SAN MARTIN DE PORRES->2"
70102,12,12,12,12,89,"MERCADO BELLAVISTA,MERCADO LOS CONDORES,CAMPO FERIAL LAS GEMELAS,MERCADO ACEFEB,MERCADO 20 DE ABRIL,MERCADO NIÑO JESUS,MERCADO LA COLONIAL,MERCADO EL PACIFICO,MERCADO SAN PEDRO,MERCADO MADRE DEL BELLO AMOR,MERCADO JOSE OLAYA,MERCADO DE ABASTO MUNICIPAL","MERCADO BELLAVISTA->2,MERCADO LOS CONDORES->2,CAMPO FERIAL LAS GEMELAS->2,MERCADO ACEFEB->2,MERCADO 20 DE ABRIL->2,MERCADO NIÑO JESUS->2,MERCADO LA COLONIAL->2,MERCADO EL PACIFICO->2,MERCADO SAN PEDRO->2,MERCADO MADRE DEL BELLO AMOR->2,MERCADO JOSE OLAYA->2,MERCADO DE ABASTO MUNICIPAL->2"
130102,11,11,11,11,128,"MERCADO ALAN GARCIA PEREZ,MERCADO BARRIO 6A,MERCADO MODELO ALTO TRUJILLO,BENDICIONES DE DIOS,MERCADO VIRGEN DEL CARMEN,LOS LAURELES,INDO AMERICANO,MERCADO LA VICTORIA,MERCADO MIGUEL GRAU,MERCADO DE ABASTOS VICTOR LARCO,MERCADO SANTA ROSA","MERCADO ALAN GARCIA PEREZ->2,MERCADO BARRIO 6A->3,MERCADO MODELO ALTO TRUJILLO->2,BENDICIONES DE DIOS->2,MERCADO VIRGEN DEL CARMEN->2,LOS LAURELES->2,INDO AMERICANO->2,MERCADO LA VICTORIA->2,MERCADO MIGUEL GRAU->2,MERCADO DE ABASTOS VICTOR LARCO->2,MERCADO SANTA ROSA->2"
150121,11,11,11,11,65,"MERCADO LA MARINA,MICROMERCADO JUAN VALER,MINIMARKET 2000,GALERIA COMERCIAL SIVORI,ASOCIACION DE MERCADOS MICRO MERCADO CUEVA,MERCADO PARTICULAR BOLIVAR,MERCADO PACHACUTEC,MERCADO MARIA PARADO DE BELLIDO,MERCADO MUNICIPAL DE PUEBLO LIBRE,MERCADO POPULAR AMAZONAS,MERCADO BOLIVAR","MERCADO LA MARINA->2,MICROMERCADO JUAN VALER->2,MINIMARKET 2000->2,GALERIA COMERCIAL SIVORI->2,ASOCIACION DE MERCADOS MICRO MERCADO CUEVA->2,MERCADO PARTICULAR BOLIVAR->2,MERCADO PACHACUTEC->2,MERCADO MARIA PARADO DE BELLIDO->2,MERCADO MUNICIPAL DE PUEBLO LIBRE->2,MERCADO POPULAR AMAZONAS->2,MERCADO BOLIVAR->2"
150116,11,11,11,11,82,"TOMAS GUIDO CON IGNACIO MERINO,SIN NOMBRE,TIENDA COMERCIAL JOSE GALVEZ,MERCADO RISSO,MERCADO FRANCISCO DE ZELA,MERCADO ZELA,MERCADO 10 DE JUNIO,MERCARDO PASAJE CONDORCUNCA,MERCADILLO ALTHAUS,MERCADO 3,MERCADO LOBATON Nº 01","TOMAS GUIDO CON IGNACIO MERINO->2,SIN NOMBRE->2,TIENDA COMERCIAL JOSE GALVEZ->2,MERCADO RISSO->2,MERCADO FRANCISCO DE ZELA->2,MERCADO ZELA->2,MERCADO 10 DE JUNIO->2,MERCARDO PASAJE CONDORCUNCA->2,MERCADILLO ALTHAUS->2,MERCADO 3->2,MERCADO LOBATON Nº 01->2"
150601,9,9,9,9,214,"MERCADO GARAY,MERCADO EL PALMO,MERCADO DE FRUTA GARCIA ALONSO,MERCADO MODELO,MERCADO DE HORTALIZAS,EL ROSARIO,CARLOS MORA PANRA,MERCADO DE ABASTOS DE HUARAL SECCION PLATAFORMA,MERCADO DE ABASTO DE HUARAL","MERCADO GARAY->2,MERCADO EL PALMO->1,MERCADO DE FRUTA GARCIA ALONSO->1,MERCADO MODELO->2,MERCADO DE HORTALIZAS->2,EL ROSARIO->2,CARLOS MORA PANRA->2,MERCADO DE ABASTOS DE HUARAL SECCION PLATAFORMA->2,MERCADO DE ABASTO DE HUARAL->2"
150130,9,9,9,9,39,"MERCADO VIRGEN DE LA ASUNCION,PEQUEÑO MERCADO SAN BORJA,MERCADO EL EDEN,MERCADO VIRGEN DE LAS NIEVES,MERCADO LAS AMERICAS,MERCADO SAN FRANCISCO,MULTIMERCADO SAN BORJA,MERCADO SANTA ROSA,MICROMERCADO APOSTOL SANTIAGO","MERCADO VIRGEN DE LA ASUNCION->2,PEQUEÑO MERCADO SAN BORJA->2,MERCADO EL EDEN->2,MERCADO VIRGEN DE LAS NIEVES->2,MERCADO LAS AMERICAS->2,MERCADO SAN FRANCISCO->2,MULTIMERCADO SAN BORJA->3,MERCADO SANTA ROSA->2,MICROMERCADO APOSTOL SANTIAGO->2"
80105,8,8,8,8,125,"MERCADITO EL ECONOMICO,MERCADILLO DE SANTA ANITA,MERCADITO VIRGEN NATIVIDAD,MERCADO TANCARNIYOC,MERCADITO TUPAC AMARU,MERCADILLO VIRGEN DEL CARMEN,MERCADO MODELO DE SAN SEBASTIAN,MERCADO DE SANTA ROSA","MERCADITO EL ECONOMICO->2,MERCADILLO DE SANTA ANITA->2,MERCADITO VIRGEN NATIVIDAD->2,MERCADO TANCARNIYOC->3,MERCADITO TUPAC AMARU->2,MERCADILLO VIRGEN DEL CARMEN->2,MERCADO MODELO DE SAN SEBASTIAN->3,MERCADO DE SANTA ROSA->2"
150102,8,8,8,8,43,"MERCADO 8 DE ENERO,MERCADO 21 DE JULIO VILLAS DE ANCON,MERCADO VILLA LA MERCED,MERCADO MODELO VILLAS DE ANCON,MERCADO CENTRAL 7 DE JUNIO,MERCADO P.I.M CENTRO COMERCIAL,MERCADO SAN JOSE 1,MERCADO MODELO ANCON","MERCADO 8 DE ENERO->2,MERCADO 21 DE JULIO VILLAS DE ANCON->2,MERCADO VILLA LA MERCED->2,MERCADO MODELO VILLAS DE ANCON->2,MERCADO CENTRAL 7 DE JUNIO->2,MERCADO P.I.M CENTRO COMERCIAL->2,MERCADO SAN JOSE 1->2,MERCADO MODELO ANCON->2"
80101,8,8,8,8,278,"MERCADO CASCCAPARO,SAN BLAS,ROSASPATA,SAN PEDRO,MINI MERCADO EL PUEBLO,MERCADILLO VIRGEN DE LA NATIVIDAD,MERCADO ZONAL TICA TICA,SEÑOR DE CCOLLORYTI","MERCADO CASCCAPARO->3,SAN BLAS->3,ROSASPATA->3,SAN PEDRO->2,MINI MERCADO EL PUEBLO->2,MERCADILLO VIRGEN DE LA NATIVIDAD->2,MERCADO ZONAL TICA TICA->2,SEÑOR DE CCOLLORYTI->2"
130104,8,8,8,8,49,"MERCADO CINCO DE AGOSTO,MERCADO SAN PEDRO RAMON CASTILLA,MERCADO  VALDIVIA,MERCADO CORAZON DE JESUS,MERCADO DE ABASTOS,MERCADO SEÑOR DE LOS MILAGROS,MERCADO SANTA ROSA,MARIA DEL SOCORRO","MERCADO CINCO DE AGOSTO->2,MERCADO SAN PEDRO RAMON CASTILLA->2,MERCADO  VALDIVIA->2,MERCADO CORAZON DE JESUS->2,MERCADO DE ABASTOS->2,MERCADO SEÑOR DE LOS MILAGROS->2,MERCADO SANTA ROSA->2,MARIA DEL SOCORRO->2"
150120,8,8,8,8,133,"MERCADO DE MAGDALENA,MERCADO RAMON CASTILLA,MINIMARKET VIRGEN DEL CARMEN,CAMPO FERIAL LA CHACRA,MERCADO NUEVA MAGDALENA,MERCADO CASTILLA,MINIMARKET 1280,MERCADO MODERNO MAGDALENA","MERCADO DE MAGDALENA->2,MERCADO RAMON CASTILLA->2,MINIMARKET VIRGEN DEL CARMEN->2,CAMPO FERIAL LA CHACRA->2,MERCADO NUEVA MAGDALENA->2,MERCADO CASTILLA->2,MINIMARKET 1280->2,MERCADO MODERNO MAGDALENA->2"
150114,8,8,8,8,30,"MERCADO ELEDEN,MERCADO LAS ACACIAS,MERCADOS SANTA RAQUEL,MINIMERCADO LAS CASCADAS,SOL DE LA MOLINA,6 DE ABRIL,MERCADO SANTA ROSA,MUSA LA MOLINA","MERCADO ELEDEN->2,MERCADO LAS ACACIAS->2,MERCADOS SANTA RAQUEL->2,MINIMERCADO LAS CASCADAS->2,SOL DE LA MOLINA->2,6 DE ABRIL->2,MERCADO SANTA ROSA->2,MUSA LA MOLINA->2"
250101,8,8,8,8,325,"MERCADO MINORISTA,MERCADO MICAELA BASTIDAS,MERCADO N° 2,MERCADO N° 1,MERCADO MAYORISTA REGIONAL,MERCADO DE PRODUCTORES MAYORISTA,MERCADO LA HOYADA,MERCADO DE LOS HERMANOS","MERCADO MINORISTA->2,MERCADO MICAELA BASTIDAS->2,MERCADO N° 2->2,MERCADO N° 1->2,MERCADO MAYORISTA REGIONAL->1,MERCADO DE PRODUCTORES MAYORISTA->1,MERCADO LA HOYADA->2,MERCADO DE LOS HERMANOS->2"
40101,8,8,8,8,138,"MERCADO PESQUERO EL PALOMAR,EL PALOMAR,MERCADO Nº1,MERCADO DE ABASTOS SAN CAMILO,MERCADILLO 407,MERCADO PRODUCTORES,CENTRO COMERCIAL JORGE CHAVEZ,FERIA LA MARINA","MERCADO PESQUERO EL PALOMAR->2,EL PALOMAR->3,MERCADO Nº1->2,MERCADO DE ABASTOS SAN CAMILO->2,MERCADILLO 407->2,MERCADO PRODUCTORES->3,CENTRO COMERCIAL JORGE CHAVEZ->2,FERIA LA MARINA->2"
230110,8,8,8,8,115,"MERCADO SANTA ROSA,MERCADO HEROES DEL CENEPA,CENTRO COMERCIAL UNION NUEVA TACNA,CENTRO COMERCIAL SEÑOR DE LOS MILAGROS,ASOCIACION  DE ADJUDICADORES DE PROGRAMA MUNICIPAL,CENTRO COMERCIAL  SIGLO XXI,ASOCIACION DE COMERCIANTES MINORISTAS DEL MERCADO ZONAL VISTA ALEGRE,CENTRO COMERCIAL SAN FRANCISCO","MERCADO SANTA ROSA->2,MERCADO HEROES DEL CENEPA->2,CENTRO COMERCIAL UNION NUEVA TACNA->2,CENTRO COMERCIAL SEÑOR DE LOS MILAGROS->2,ASOCIACION  DE ADJUDICADORES DE PROGRAMA MUNICIPAL->2,CENTRO COMERCIAL  SIGLO XXI->2,ASOCIACION DE COMERCIANTES MINORISTAS DEL MERCADO ZONAL VISTA ALEGRE->2,CENTRO COMERCIAL SAN FRANCISCO->2"
110101,8,8,8,8,280,"MERCADO SANTO DOMINGO N°01,Â´MERCADO ARENALES,MERCADO SAN ANTONIO,MERCADO CARLOS RAMOS LOAYZA,MERCADO MODELO,MERCADO LA PALMA,MERCADO DE RIO,MERCADO EX TERMINAL PESQUERO","MERCADO SANTO DOMINGO N°01->3,Â´MERCADO ARENALES->3,MERCADO SAN ANTONIO->3,MERCADO CARLOS RAMOS LOAYZA->2,MERCADO MODELO->2,MERCADO LA PALMA->2,MERCADO DE RIO->3,MERCADO EX TERMINAL PESQUERO->2"
170101,7,7,7,7,117,"MERCADO 3 DE MAYO,MERCADO LA CASERITA,ASOCIACION DE PRODUCTORES MERCADO MIL OFERTAS,CENTRO COMERCIAL TURISTICO MISHAJA IN MISHE,MERCADO JOSE ALDAMIZ,MERCADO MODELO,MERCADO CENTRAL","MERCADO 3 DE MAYO->2,MERCADO LA CASERITA->2,ASOCIACION DE PRODUCTORES MERCADO MIL OFERTAS->2,CENTRO COMERCIAL TURISTICO MISHAJA IN MISHE->2,MERCADO JOSE ALDAMIZ->2,MERCADO MODELO->2,MERCADO CENTRAL->2"
70107,7,7,7,7,58,"MERCADO CRUZ DE MOTUPE,MERCADO CENTRAL,10 DE ENERO,MERCADO 12 DE MAYO,MERCADO VIRGEN DE LAS MERCEDES,MERCADO COOPERATIVA,CENTRO COMERCIAL SANTA ROSA","MERCADO CRUZ DE MOTUPE->2,MERCADO CENTRAL->2,10 DE ENERO->2,MERCADO 12 DE MAYO->2,MERCADO VIRGEN DE LAS MERCEDES->2,MERCADO COOPERATIVA->3,CENTRO COMERCIAL SANTA ROSA->2"
120701,7,7,7,7,282,"MERCADO DE FLORES,CENTRO COMERCIAL ASUNCION,MERCADO MAYORISTA SEÑOR DE MURUHUAY,MERCADO MODELO,MERCADO 2 DE MAYO,MERCADO DE FRUTAS,MERCADO DE PESCADOS","MERCADO DE FLORES->2,CENTRO COMERCIAL ASUNCION->2,MERCADO MAYORISTA SEÑOR DE MURUHUAY->3,MERCADO MODELO->2,MERCADO 2 DE MAYO->2,MERCADO DE FRUTAS->2,MERCADO DE PESCADOS->2"
100102,7,7,7,7,144,"MERCADO DE PAUCARBAMBA,VIRGEN DE FATIMA DEL NIÑO JESUS,ANDINO AMAZONICO,EL BUEN VECINO,MERCADILLO SECTOR 4 SAN LUIS,MERCADILLO,MERCADO SAN LUIS","MERCADO DE PAUCARBAMBA->3,VIRGEN DE FATIMA DEL NIÑO JESUS->2,ANDINO AMAZONICO->3,EL BUEN VECINO->2,MERCADILLO SECTOR 4 SAN LUIS->2,MERCADILLO->2,MERCADO SAN LUIS->3"
150107,7,7,7,7,37,"MERCADO LOS GIRASOLES,MERCADO INCA ROCA,MERCADO PRIALE PRIALE,MERCADO CHACLACAYO,MERCADO PRIMERO DE MAYO HUASCATA,MERCADO MONITOR HUASCAR,MERCADO ÑAÑA","MERCADO LOS GIRASOLES->2,MERCADO INCA ROCA->2,MERCADO PRIALE PRIALE->2,MERCADO CHACLACAYO->2,MERCADO PRIMERO DE MAYO HUASCATA->2,MERCADO MONITOR HUASCAR->2,MERCADO ÑAÑA->2"
40110,7,7,7,7,46,"SAN MARTIN DE PORRES LA CHAVELA,FERIA DEL ALTIPLANO,TENIENTE FERRE,MERCADO SEÑOR DE LOS MILAGROS,MERCADO SOL DE PUNO,MERCADO SAN JOSE,MERCADO SAN ANTONIO","SAN MARTIN DE PORRES LA CHAVELA->2,FERIA DEL ALTIPLANO->3,TENIENTE FERRE->2,MERCADO SEÑOR DE LOS MILAGROS->2,MERCADO SOL DE PUNO->2,MERCADO SAN JOSE->2,MERCADO SAN ANTONIO->2"
21808,6,6,6,6,30,"MERCADO CENTRAL DE SANTA,MERCADO FERIA POPULAR,MERCADO LAS SIRENAS,MERCADO ISRAELITA,DIOS ES MI PROVEEDOR,MERCADO 10 DE OCTUBRE","MERCADO CENTRAL DE SANTA->2,MERCADO FERIA POPULAR->2,MERCADO LAS SIRENAS->2,MERCADO ISRAELITA->2,DIOS ES MI PROVEEDOR->2,MERCADO 10 DE OCTUBRE->2"
110106,6,6,6,6,59,"MERCADO LOS HERMANOS,MERCADO NIÑO JESUS DE AYAVI,MERCADO RAMON CASTILLA,MERCADO UNION,MERCADO 9 DE DICIEMBRE,MERCADO SAN MARTIN","MERCADO LOS HERMANOS->2,MERCADO NIÑO JESUS DE AYAVI->2,MERCADO RAMON CASTILLA->2,MERCADO UNION->3,MERCADO 9 DE DICIEMBRE->2,MERCADO SAN MARTIN->2"
150204,6,6,6,6,93,"MERCADO MARIA MAGDALENA,MERCADO MI HUARAZ,CENTRO COMERCIAL MATOS,MERCADO EL TURCO,MERCADO SANTA ROSA,MERCADO VAMOS VECINO","MERCADO MARIA MAGDALENA->3,MERCADO MI HUARAZ->2,CENTRO COMERCIAL MATOS->2,MERCADO EL TURCO->1,MERCADO SANTA ROSA->2,MERCADO VAMOS VECINO->2"
130111,6,6,6,6,46,"MERCADO MAYORISTA PESQUERO,SANTA EDELMIRA,EL PROGRESO,MERCADO PROGRESO,MERCADO TUPAC AMARU,MERCADO SANTA ROSA","MERCADO MAYORISTA PESQUERO->1,SANTA EDELMIRA->2,EL PROGRESO->2,MERCADO PROGRESO->2,MERCADO TUPAC AMARU->2,MERCADO SANTA ROSA->2"
100101,6,6,6,6,64,"MERCADO MAYORISTAS DE PUELLES,MERCADO MODELO PRIVADO DE HUANUCO,MERCADO VIEJO,SAN MARTIN,SAN PABLO,MERCADO LAS MORAS","MERCADO MAYORISTAS DE PUELLES->1,MERCADO MODELO PRIVADO DE HUANUCO->2,MERCADO VIEJO->2,SAN MARTIN->2,SAN PABLO->2,MERCADO LAS MORAS->2"
180301,6,6,6,6,61,"MERCADO NUEVA VICTORIA,MERCADO NUEVO ILO,MERCADO ALTO ILO,MERCADO DE MIRAMAR,MERCADO PACOCHA,MERCADO MARISCAL DOMINGO NIETO","MERCADO NUEVA VICTORIA->2,MERCADO NUEVO ILO->2,MERCADO ALTO ILO->2,MERCADO DE MIRAMAR->2,MERCADO PACOCHA->2,MERCADO MARISCAL DOMINGO NIETO->2"
140105,6,6,6,6,"1,020","MERCADO PEDRO PABLO ATUSPARIAS,MERCADO MOSHOQUEQUE,MERCADO SAGRADO CORAZON DE JESUS,MERCADO MI PERU,MERCADO MANUEL MANRIQUE NEVADO,MERCADO CAROLINA","MERCADO PEDRO PABLO ATUSPARIAS->2,MERCADO MOSHOQUEQUE->3,MERCADO SAGRADO CORAZON DE JESUS->2,MERCADO MI PERU->2,MERCADO MANUEL MANRIQUE NEVADO->2,MERCADO CAROLINA->2"
40103,6,6,6,6,59,"RAMON CASTILLA - LA TOMILLA,LA TOMILLA,MERADO BUENOS AIRES,MERCADO VILLA AMAZONAS,MERCADO ZONAL 24 DE JUNIO,MERCADO N°1 DE CAYMA","RAMON CASTILLA - LA TOMILLA->3,LA TOMILLA->3,MERADO BUENOS AIRES->2,MERCADO VILLA AMAZONAS->2,MERCADO ZONAL 24 DE JUNIO->2,MERCADO N°1 DE CAYMA->2"
220101,6,6,6,6,149,"SHOPING CENTER ALTOMAYO (MOCHOQUEQUE),MERCADILLO ERICK,MERCADO ZONAL AYAYMAMA,MERCADO CENTRAL DE MOYOBAMBA,MERCADO LOS ANGELES,EL RINCONCITO DE DON PAQUITO","SHOPING CENTER ALTOMAYO (MOCHOQUEQUE)->3,MERCADILLO ERICK->2,MERCADO ZONAL AYAYMAMA->2,MERCADO CENTRAL DE MOYOBAMBA->2,MERCADO LOS ANGELES->2,EL RINCONCITO DE DON PAQUITO->3"
40701,5,5,5,5,19,"CENTRO DE ABASTOS VILLALOURDES,SAN JOSE,3 PUERTAS,MERCADO JOSE BALTA,TUPAC AMARU","CENTRO DE ABASTOS VILLALOURDES->2,SAN JOSE->3,3 PUERTAS->2,MERCADO JOSE BALTA->2,TUPAC AMARU->3"
40109,5,5,5,5,29,"FERIA UMACHIRI,CENTRO FERIAL SANTA ROSA,MERCADO TUPAC AMARU,MERCADO MUNICIPAL MARIANO MELGAR,MERCADO GENERALISIMO SAN MARTIN","FERIA UMACHIRI->2,CENTRO FERIAL SANTA ROSA->2,MERCADO TUPAC AMARU->2,MERCADO MUNICIPAL MARIANO MELGAR->2,MERCADO GENERALISIMO SAN MARTIN->2"
210101,5,5,5,5,222,"MERCADILLO LOS INCAS,MERCADO UNION Y DIGNIDAD,MERCADO LAYKAKOTA,MERCADO CENTRAL,MERCADO LOS INCAS","MERCADILLO LOS INCAS->3,MERCADO UNION Y DIGNIDAD->2,MERCADO LAYKAKOTA->2,MERCADO CENTRAL->2,MERCADO LOS INCAS->2"
200801,5,5,5,5,40,"MERCADILLO,PLATAFORMAS DEL MERCADO,ANEXO DEL MERCADO,MERCADO DE PESCADO,MERCADO CENTRAL","MERCADILLO->2,PLATAFORMAS DEL MERCADO->2,ANEXO DEL MERCADO->2,MERCADO DE PESCADO->2,MERCADO CENTRAL->2"
120107,5,5,5,5,33,"MERCADO 9 DE DICIEMBRE,MERCADO DE PROCERES,MERCADO CORAZON DE JESUS,MERCADO LA MODERNA,MERCADO SANTA ROSA","MERCADO 9 DE DICIEMBRE->2,MERCADO DE PROCERES->2,MERCADO CORAZON DE JESUS->2,MERCADO LA MODERNA->2,MERCADO SANTA ROSA->2"
160201,5,5,5,5,25,"MERCADO CENTRAL DE YURIMAGUAS,MERCADO SANTA MARTHA,MERCADILLO MISHUYACU,MERCADO EL BADO,MERCADO MORALILLOS","MERCADO CENTRAL DE YURIMAGUAS->2,MERCADO SANTA MARTHA->2,MERCADILLO MISHUYACU->2,MERCADO EL BADO->2,MERCADO MORALILLOS->2"
20101,5,5,5,5,353,"MERCADO CENTRAL VIRGEN DE FATIMA,MERCADO MAYORISTA DE CHALLHUA,MERCADO POPULAR DE HUARAZ,MERCADO PARADA PEDREGAL,CHALLHUA 10 DE JUNIO","MERCADO CENTRAL VIRGEN DE FATIMA->2,MERCADO MAYORISTA DE CHALLHUA->1,MERCADO POPULAR DE HUARAZ->2,MERCADO PARADA PEDREGAL->2,CHALLHUA 10 DE JUNIO->3"
120801,5,5,5,5,37,"MERCADO CORAZON DE JESUS,MERCADO SANTA ROSA,ASOCIACION DE COMERCIANTES TUPAC AMARU,MERCADO 3 DE FEBRERO,MERCADO CENTRAL HORACIO ZEVALLOS","MERCADO CORAZON DE JESUS->2,MERCADO SANTA ROSA->3,ASOCIACION DE COMERCIANTES TUPAC AMARU->3,MERCADO 3 DE FEBRERO->2,MERCADO CENTRAL HORACIO ZEVALLOS->2"
120601,5,5,5,5,12,"MERCADO LA ESPERANZA,MERCADO SELVA CENTRAL,MERCADO LAS MALVINAS,MERCADO MODELO,MERCADO VIRGEN DE LAS MERCEDES","MERCADO LA ESPERANZA->2,MERCADO SELVA CENTRAL->2,MERCADO LAS MALVINAS->2,MERCADO MODELO->3,MERCADO VIRGEN DE LAS MERCEDES->2"
160101,5,5,5,5,183,"MERCADO LA NORTEÑA,MERCADO DE PRODUCTORES,MERCADO MODELO,MERCADO CENTRAL,CELIA RUIZ CACHIQUE","MERCADO LA NORTEÑA->2,MERCADO DE PRODUCTORES->2,MERCADO MODELO->2,MERCADO CENTRAL->3,CELIA RUIZ CACHIQUE->2"
180101,5,5,5,5,123,"MERCADO MANCO CAPAC,MERCADO DE SAN ANTONIO,MERCADO ZONAL MARISCAL NIETO,PARADITA SAN MARTIN,MERCADO CENTRAL","MERCADO MANCO CAPAC->2,MERCADO DE SAN ANTONIO->2,MERCADO ZONAL MARISCAL NIETO->2,PARADITA SAN MARTIN->2,MERCADO CENTRAL->2"
150501,5,5,5,5,347,"MERCADO MAYORISTA DE TUBERCULO,MERCADO QUINCE DE MAYO,MERCADO DON MARIANO,MERCADILLO DE SAN VICENTE,MERCADO MODELO","MERCADO MAYORISTA DE TUBERCULO->1,MERCADO QUINCE DE MAYO->1,MERCADO DON MARIANO->1,MERCADILLO DE SAN VICENTE->2,MERCADO MODELO->3"
10701,5,5,5,5,87,"MERCADO MODELO DE BAGUA GRANDE,PARADA MUNICIPAL,MERCADO SAN LUIS,ASOCIACION DE COMERCIANTES UNIDOS,MERCADILLO PRIMARIO BAGUA GRANDE","MERCADO MODELO DE BAGUA GRANDE->3,PARADA MUNICIPAL->3,MERCADO SAN LUIS->2,ASOCIACION DE COMERCIANTES UNIDOS->2,MERCADILLO PRIMARIO BAGUA GRANDE->2"
150202,5,5,5,5,75,"MERCADO MODELO DE PARAMONGA,MERCADO VIRGEN DE LA MEDALLA MILAGROSA,MERCADO SANTA ROSA,MERCADO LA PARADA,MERCADO CENTRAL","MERCADO MODELO DE PARAMONGA->2,MERCADO VIRGEN DE LA MEDALLA MILAGROSA->2,MERCADO SANTA ROSA->2,MERCADO LA PARADA->2,MERCADO CENTRAL->2"
120305,5,5,5,5,54,"MERCADO MODELO,MERCADO SAN ELIAS,MERCADO EL MILAGRO,MERCADO PROGRESO,MERCADO DON LUCHO","MERCADO MODELO->2,MERCADO SAN ELIAS->2,MERCADO EL MILAGRO->2,MERCADO PROGRESO->2,MERCADO DON LUCHO->2"
60101,5,5,5,5,130,"MERCADO MODELO,MERCADO SAN SEBASTIAN,MERCADO CENTRAL,MERCADO SAN MARTIN,MERCADO CHONTAPACCHA","MERCADO MODELO->2,MERCADO SAN SEBASTIAN->2,MERCADO CENTRAL->2,MERCADO SAN MARTIN->2,MERCADO CHONTAPACCHA->2"
220901,5,5,5,5,152,"MERCADO MUNICIPAL NUMERO 03,MERCADO EL HUEQUITO,MINA DE TARAPOTO,MERCADO MUNICIPAL NUMERO 2,LA PARADITA","MERCADO MUNICIPAL NUMERO 03->2,MERCADO EL HUEQUITO->2,MINA DE TARAPOTO->2,MERCADO MUNICIPAL NUMERO 2->2,LA PARADITA->2"
150104,5,5,5,5,39,"MERCADO N°2,MERCADO EL CAPULLO,SIN NOMBRE,MERCADO LA FRONTERA,MERCADO SAN MARTIN DE PORRES","MERCADO N°2->3,MERCADO EL CAPULLO->2,SIN NOMBRE->2,MERCADO LA FRONTERA->2,MERCADO SAN MARTIN DE PORRES->2"
100601,5,5,5,5,103,"MERCADO NUMERO 2 TUPAC AMARU,MERCADO MODELO DE ABASTOS,MERCADILLO LAS 3 REGIONES,MERCADO RAIMONDI,MERCADILLO EL COLONO","MERCADO NUMERO 2 TUPAC AMARU->2,MERCADO MODELO DE ABASTOS->3,MERCADILLO LAS 3 REGIONES->2,MERCADO RAIMONDI->2,MERCADILLO EL COLONO->3"
140106,5,5,5,5,122,"MERCADO ORREGO,MERCADO YORTUQUE,MINIMERCADO GRAU,MERCADO AZ,MERCADO EL INCA","MERCADO ORREGO->2,MERCADO YORTUQUE->2,MINIMERCADO GRAU->2,MERCADO AZ->2,MERCADO EL INCA->2"
150509,5,5,5,5,65,"MERCADO VIRGEN DE LAS MERCEDES,MERCADO SAN PEDRO,MERCADO VIRGEN DE CHAPI,MERCADO SEÑOR DE LOS MILAGROS,MERCADO SEÑOR DE CACHUY","MERCADO VIRGEN DE LAS MERCEDES->3,MERCADO SAN PEDRO->3,MERCADO VIRGEN DE CHAPI->1,MERCADO SEÑOR DE LOS MILAGROS->3,MERCADO SEÑOR DE CACHUY->2"
80106,5,5,5,5,131,"MERCADO ZARZUELA,MERCADO DE HUANCARO,VIRGEN DE COPACABANA,MERCADO,RACSA","MERCADO ZARZUELA->2,MERCADO DE HUANCARO->3,VIRGEN DE COPACABANA->3,MERCADO->1,RACSA->3"
40520,5,5,5,5,79,"NUEVA ESPERANZA,TRIUNFO 2000,CENTRAL DE ABASTOS EL OVALO I,CIUDAD MAJES,MERCADO VILLA EL PEDREGAL","NUEVA ESPERANZA->2,TRIUNFO 2000->3,CENTRAL DE ABASTOS EL OVALO I->2,CIUDAD MAJES->3,MERCADO VILLA EL PEDREGAL->2"
30101,5,5,5,5,351,"SERAPIO TELLO URBIOLA,MERCADO LA VICTORIA,MERCADO VILLA AMPAY,MERCADO CENTRAL,MERCADO EL PROGRESO HUANUPATA","SERAPIO TELLO URBIOLA->2,MERCADO LA VICTORIA->2,MERCADO VILLA AMPAY->2,MERCADO CENTRAL->2,MERCADO EL PROGRESO HUANUPATA->2"
131201,4,4,4,4,89,"ASOCIACION COMERCIANTES VICTOR RAUL HAYA DE LA TORRE,MERCADO CENTRAL SAN JOSE,LUIS ALBERTO SANCHEZ,MERCADO MODELO DE VIRU","ASOCIACION COMERCIANTES VICTOR RAUL HAYA DE LA TORRE->2,MERCADO CENTRAL SAN JOSE->2,LUIS ALBERTO SANCHEZ->2,MERCADO MODELO DE VIRU->2"
130705,4,4,4,4,6,"CAMPANITA,VERDUN,MUNICIPAL,SAN MARTIN DE PORRES","CAMPANITA->2,VERDUN->2,MUNICIPAL->2,SAN MARTIN DE PORRES->2"
130401,4,4,4,4,86,"CENTRO COMERCIAL CAMINO REAL,CENTRAL,CHEQUEN,LA PARADA CENTRAL DE COMERCIANTES MUNICIPALES","CENTRO COMERCIAL CAMINO REAL->2,CENTRAL->2,CHEQUEN->2,LA PARADA CENTRAL DE COMERCIANTES MUNICIPALES->2"
200110,4,4,4,4,61,"CENTRO COMERCIAL REY ESCORPION,MERCADILLO,CENTRO DE ABASTOS LA UNION,MERCADILLO VICENTE SEMINARIO RETO","CENTRO COMERCIAL REY ESCORPION->3,MERCADILLO->2,CENTRO DE ABASTOS LA UNION->2,MERCADILLO VICENTE SEMINARIO RETO->3"
130107,4,4,4,4,74,"MERCADO ABASTOS 'LA AMISTAD',MERCADO DE ABASTOS DE LAS DELICIAS,MERCADO NAZARENO,ASOCIACION DE COMERCIANTES DEL MERCADO CENTRAL","MERCADO ABASTOS 'LA AMISTAD'->2,MERCADO DE ABASTOS DE LAS DELICIAS->2,MERCADO NAZARENO->1,ASOCIACION DE COMERCIANTES DEL MERCADO CENTRAL->2"
200701,4,4,4,4,177,"MERCADO ACAPULCO,MERCADO LA PARADA,MERCADO CENTRAL,MERCADILLO DE TALARA ALTA","MERCADO ACAPULCO->2,MERCADO LA PARADA->3,MERCADO CENTRAL->2,MERCADILLO DE TALARA ALTA->3"
220201,4,4,4,4,30,"MERCADO DE ABASTOS,LA PARADITA,LAS AMASISAS,BRISAS DEL HUALLAGA","MERCADO DE ABASTOS->2,LA PARADITA->1,LAS AMASISAS->2,BRISAS DEL HUALLAGA->2"
230104,4,4,4,4,170,"MERCADO DE CIUDAD NUEVA,MERCADO ZONAL 1 DE MAYO CONO NORTE,MERCADO SAN JUAN CAPILLA II ETAPA,MERCADO ZONAL ALFONSO UGARTE","MERCADO DE CIUDAD NUEVA->2,MERCADO ZONAL 1 DE MAYO CONO NORTE->2,MERCADO SAN JUAN CAPILLA II ETAPA->2,MERCADO ZONAL ALFONSO UGARTE->2"
120301,4,4,4,4,29,"MERCADO DE FRUTAS,MERCADO ECONOMICO,MERCADO EL OVALO,MERCADO PUQUIO","MERCADO DE FRUTAS->2,MERCADO ECONOMICO->2,MERCADO EL OVALO->2,MERCADO PUQUIO->2"
150605,4,4,4,4,32,"MERCADO FERIAL FONAVI,MERCADO MUNICIPAL DE ABASTOS,MERCADO BRISAS DEL MAR,MERCADO SANTA ROSA","MERCADO FERIAL FONAVI->2,MERCADO MUNICIPAL DE ABASTOS->2,MERCADO BRISAS DEL MAR->2,MERCADO SANTA ROSA->2"
150109,4,4,4,4,14,"MERCADO JHIRE,MERCADO GODOY,MINIMERCADO CARMEN,ASOCIACION DE PROPIETARIOS DEL MERCADO JHONS LYONS","MERCADO JHIRE->2,MERCADO GODOY->2,MINIMERCADO CARMEN->2,ASOCIACION DE PROPIETARIOS DEL MERCADO JHONS LYONS->2"
120401,4,4,4,4,50,"MERCADO MAYORISTA JAUJA,MERCADO MODELO DE JAUJA,MERCADO SEÑOR DE MURUHUAY,MERCADO SANTA ROSA","MERCADO MAYORISTA JAUJA->3,MERCADO MODELO DE JAUJA->2,MERCADO SEÑOR DE MURUHUAY->2,MERCADO SANTA ROSA->2"
250301,4,4,4,4,9,"MERCADO MODELO,MERCADO OLIMPUS,MERCADO DE PAMPA YURAC,MERCADO DE HUIPOCA","MERCADO MODELO->2,MERCADO OLIMPUS->2,MERCADO DE PAMPA YURAC->2,MERCADO DE HUIPOCA->2"
230109,4,4,4,4,0,"MERCADO PANAMERICANA SUR INCLAN,MERCADO  VILA VILA,MERCADO MUNICIPAL LAS YARAS,MERCADO DE ABASTOS BOCA DEL RIO","MERCADO PANAMERICANA SUR INCLAN->2,MERCADO  VILA VILA->2,MERCADO MUNICIPAL LAS YARAS->2,MERCADO DE ABASTOS BOCA DEL RIO->2"
230108,4,4,4,4,40,"MERCADO PRIMERO DE ENERO,MERCADO JERUSALEN,MERCADO DE PRODUCTORES 24 DE JUNIO,MERCADO MUNICIPAL DE POCOLLAY","MERCADO PRIMERO DE ENERO->2,MERCADO JERUSALEN->2,MERCADO DE PRODUCTORES 24 DE JUNIO->3,MERCADO MUNICIPAL DE POCOLLAY->2"
60801,4,4,4,4,120,"MERCADO SOL DIVINO (SANTA BEATRIZ),MERCADO MINORISTA ROBERTO SEGURA,MERCADO DE ABASTOS 28 DE JULIO,MERCADO CENTRAL","MERCADO SOL DIVINO (SANTA BEATRIZ)->2,MERCADO MINORISTA ROBERTO SEGURA->2,MERCADO DE ABASTOS 28 DE JULIO->2,MERCADO CENTRAL->2"
40102,4,4,4,4,18,"MERCADO VILLA HERMOSA,MERCADO VILLA ASUNCION,LEONES DEL MISTI,MERCADO SEÑOR DE LOS MILAGROS","MERCADO VILLA HERMOSA->2,MERCADO VILLA ASUNCION->2,LEONES DEL MISTI->2,MERCADO SEÑOR DE LOS MILAGROS->2"
230102,4,4,4,4,52,"MERCADO ZONAL LA ESPERANZA,MERCADO MINORISTA SAN MARTIN,ASOCIACION JUNTA DE PROPIETARIOS JUAN VELASCO ALVARADO,MERCADO ZONAL ALTO DE LA ALIANZA","MERCADO ZONAL LA ESPERANZA->2,MERCADO MINORISTA SAN MARTIN->2,ASOCIACION JUNTA DE PROPIETARIOS JUAN VELASCO ALVARADO->2,MERCADO ZONAL ALTO DE LA ALIANZA->2"
110102,4,4,4,4,52,"NUEVA ESPERANZA,MERCADO MI PERU,MERCADO TINGUIÑA ALTO,MERCADO VIRGEN DE LAS NIEVES","NUEVA ESPERANZA->3,MERCADO MI PERU->3,MERCADO TINGUIÑA ALTO->2,MERCADO VIRGEN DE LAS NIEVES->3"
40107,4,4,4,4,80,"TERMINAL PAPERO,MERCADO ZONAL AMPLIACION PAMPA DEL CUSCO,MERCADO VICTORIA CORZO,SAN MARTIN DE PORRES","TERMINAL PAPERO->1,MERCADO ZONAL AMPLIACION PAMPA DEL CUSCO->2,MERCADO VICTORIA CORZO->2,SAN MARTIN DE PORRES->3"
130704,4,4,4,4,109,"ZONAL,MODELO,EL PROGRESO,MERCADILLO JOSE OLAYA","ZONAL->2,MODELO->2,EL PROGRESO->2,MERCADILLO JOSE OLAYA->2"
50601,3,3,3,3,7,"ASETRINS,MERCADO CCOLLANA,MERCADO MUNICIPAL","ASETRINS->2,MERCADO CCOLLANA->2,MERCADO MUNICIPAL->3"
150124,3,3,3,3,20,"CENTRO COMERCIAL MUNICIPAL SAN PEDRO,SINDICATO DE TRABAJADORES MERCADO SANTA ROSA DE LIMA,ASOCIACION DE COMERCIANTES DEL MERCADO MODELO DE PUCUSANA SAN MARTIN DE PORRAS","CENTRO COMERCIAL MUNICIPAL SAN PEDRO->2,SINDICATO DE TRABAJADORES MERCADO SANTA ROSA DE LIMA->2,ASOCIACION DE COMERCIANTES DEL MERCADO MODELO DE PUCUSANA SAN MARTIN DE PORRAS->2"
60601,3,3,3,3,105,"CENTRO COMERCIAL PABELLON A,MERCADO ZONAL NUEVO ORIENTE,MERCADO MUNICIPAL SANTA CELIA","CENTRO COMERCIAL PABELLON A->2,MERCADO ZONAL NUEVO ORIENTE->2,MERCADO MUNICIPAL SANTA CELIA->2"
130103,3,3,3,3,60,"MANUEL CIPRIANO RAFAEL,16 DE ENERO,MERCADO UNION","MANUEL CIPRIANO RAFAEL->2,16 DE ENERO->2,MERCADO UNION->2"
160601,3,3,3,3,50,"MERCADILLO,MERCADO CENTRAL,MERCADO DEL CAMPO FERIAL","MERCADILLO->3,MERCADO CENTRAL->2,MERCADO DEL CAMPO FERIAL->3"
240101,3,3,3,3,43,"MERCADO 8 DE SETIEMBRE,MERCADILLO DE LAS MERCEDES,MERCADO MODELO Y ANEXOS DE TUMBES AMMAT","MERCADO 8 DE SETIEMBRE->2,MERCADILLO DE LAS MERCEDES->2,MERCADO MODELO Y ANEXOS DE TUMBES AMMAT->3"
70103,3,3,3,3,10,"MERCADO 20 DE ENERO,MERCADO REYNOSO,MERCADO DE CARMEN DE LA LEGUA","MERCADO 20 DE ENERO->2,MERCADO REYNOSO->2,MERCADO DE CARMEN DE LA LEGUA->2"
220803,3,3,3,3,48,"MERCADO AMAZONAS,MERCADO SEGUNDA JERUSALEN SECTOR SINAI,MERCADO CENTRAL SEGUNDA JERUSALEN","MERCADO AMAZONAS->2,MERCADO SEGUNDA JERUSALEN SECTOR SINAI->2,MERCADO CENTRAL SEGUNDA JERUSALEN->2"
190101,3,3,3,3,16,"MERCADO BARATILLO,MERCADO REAL DE MINAS,MERCADO CENTRAL","MERCADO BARATILLO->2,MERCADO REAL DE MINAS->2,MERCADO CENTRAL->2"
150812,3,3,3,3,15,"MERCADO CENTRAL LIBERTADOR,MEDIO MUNDO,SAN JUAN BAUTISTA","MERCADO CENTRAL LIBERTADOR->3,MEDIO MUNDO->2,SAN JUAN BAUTISTA->2"
150122,3,3,3,3,22,"MERCADO CHICO,MERCADO LA UNION,MERCADO SANTA CRUZ","MERCADO CHICO->2,MERCADO LA UNION->2,MERCADO SANTA CRUZ->2"
120302,3,3,3,3,17,"MERCADO CORAZON DE LA SELVA,MERCADO DE FRUTAS,MERCADO SANTA ANA","MERCADO CORAZON DE LA SELVA->2,MERCADO DE FRUTAS->3,MERCADO SANTA ANA->2"
130202,3,3,3,3,25,"MERCADO DE ABASTOS 'SAUSAL',MERCADO DE ABASTOS CHICAMA,MERCADO DE ABASTOS CHICLIN","MERCADO DE ABASTOS 'SAUSAL'->2,MERCADO DE ABASTOS CHICAMA->2,MERCADO DE ABASTOS CHICLIN->2"
140108,3,3,3,3,112,"MERCADO DE ABASTOS DE MONSEFU,MERCADILLO ZONAL DE TULLUME,MERCADILLO DE PUEBLO JOVEN BARRANTES","MERCADO DE ABASTOS DE MONSEFU->3,MERCADILLO ZONAL DE TULLUME->2,MERCADILLO DE PUEBLO JOVEN BARRANTES->2"
140115,3,3,3,3,16,"MERCADO DE ABASTOS SIPAN,MERCADO MUNICIPAL SAÑA,MERCADO DE BASTOS DE SALTUR","MERCADO DE ABASTOS SIPAN->2,MERCADO MUNICIPAL SAÑA->2,MERCADO DE BASTOS DE SALTUR->2"
200104,3,3,3,3,61,"MERCADO DE ABASTOS,MERCADO EL SOL,MERCADILLO SAN BERNARDO","MERCADO DE ABASTOS->2,MERCADO EL SOL->3,MERCADILLO SAN BERNARDO->2"
130801,3,3,3,3,12,"MERCADO DE FRUTAS EX CAMAL,MERCADO  LA UNION,MERCADO MUNICIPAL CENTRAL","MERCADO DE FRUTAS EX CAMAL->2,MERCADO  LA UNION->2,MERCADO MUNICIPAL CENTRAL->2"
110207,3,3,3,3,108,"MERCADO DE PUEBLO NUEVO,MERCADO SAN ISIDRO,MERCADO SANTA ROSA","MERCADO DE PUEBLO NUEVO->2,MERCADO SAN ISIDRO->3,MERCADO SANTA ROSA->2"
21201,3,3,3,3,121,"MERCADO LA EXPLANADA,MERCADO CENTRAL ROBERTO N. PAREDES,MERCADO CAMPO FERIAL","MERCADO LA EXPLANADA->2,MERCADO CENTRAL ROBERTO N. PAREDES->2,MERCADO CAMPO FERIAL->2"
21806,3,3,3,3,3,"MERCADO LA PARADITA,MERCADO SAN JACINTO,MERCADO DE NEPEÑA","MERCADO LA PARADITA->2,MERCADO SAN JACINTO->2,MERCADO DE NEPEÑA->2"
80108,3,3,3,3,392,"MERCADO MODELO DE TTIO,MERCADO WANCHAQ,ASOCIACION MERCADO FERIAL ""EL MOLINO II""","MERCADO MODELO DE TTIO->2,MERCADO WANCHAQ->2,ASOCIACION MERCADO FERIAL ""EL MOLINO II""->2"
200401,3,3,3,3,37,"MERCADO MODELO,MERCADILLO DE LA ENCANTADA,MERCADO CENTRAL DE VILLA PACCHA","MERCADO MODELO->3,MERCADILLO DE LA ENCANTADA->2,MERCADO CENTRAL DE VILLA PACCHA->2"
130207,3,3,3,3,27,"MERCADO MUNICIPAL CARTAVIO,MERCADO DE ABASTOS 'CHIQUITOY',CONSORCIO DE COMERCIANTES PARADA 1° DE JULIO LUIS ALBERTO SANCHEZ","MERCADO MUNICIPAL CARTAVIO->2,MERCADO DE ABASTOS 'CHIQUITOY'->2,CONSORCIO DE COMERCIANTES PARADA 1° DE JULIO LUIS ALBERTO SANCHEZ->2"
220601,3,3,3,3,0,"MERCADO NUMERO 03 O POMARROSA,MERCADO NUMERO 02,MERCADO NUMERO 01","MERCADO NUMERO 03 O POMARROSA->2,MERCADO NUMERO 02->2,MERCADO NUMERO 01->2"
120303,3,3,3,3,54,"MERCADO SAN LORENZO,MERCADO N° 1,MERCADO N° 2","MERCADO SAN LORENZO->3,MERCADO N° 1->2,MERCADO N° 2->2"
190104,3,3,3,3,5,"MERCADO SEÑOR DE HUAYLLAY,MERCADO MATEO,MERCADO ALIAGA","MERCADO SEÑOR DE HUAYLLAY->2,MERCADO MATEO->2,MERCADO ALIAGA->2"
250107,3,3,3,3,55,"MERCADO TUPAC AMARU,MERCADILLO LA PAPELERA,MERCADO DE MANANTAY","MERCADO TUPAC AMARU->2,MERCADILLO LA PAPELERA->2,MERCADO DE MANANTAY->2"
110201,3,3,3,3,93,"MERCADOS DE ABASTOS,MERCADO FERIAL,MERCADO MODELO DE CHINCHA","MERCADOS DE ABASTOS->3,MERCADO FERIAL->3,MERCADO MODELO DE CHINCHA->3"
150505,3,3,3,3,13,"MULTIFERIA SAN FRANCISCO,MERCADO HEROES DE LA GUERRA DEL PACIFICO,MERCADO SANTIAGO CAMACHO","MULTIFERIA SAN FRANCISCO->2,MERCADO HEROES DE LA GUERRA DEL PACIFICO->2,MERCADO SANTIAGO CAMACHO->2"
120201,3,3,3,3,22,"SANTA ROSA DE CONCEPCION,MERCADO INMACULADA CONCEPCION,MERCADO MODELO SANTA ROSA","SANTA ROSA DE CONCEPCION->2,MERCADO INMACULADA CONCEPCION->2,MERCADO MODELO SANTA ROSA->2"
150805,3,3,3,3,10,"SANTOME UNO,SANTOME DOS,MERCADILLO AMELIA","SANTOME UNO->2,SANTOME DOS->2,MERCADILLO AMELIA->2"
131202,3,3,3,3,33,"SUPER MERCADO EL RUEDO,EL ECONOMICO,ASOCIACION DE COMERCIANTES DEL MERCADO CENTRAL DE CHAO","SUPER MERCADO EL RUEDO->2,EL ECONOMICO->2,ASOCIACION DE COMERCIANTES DEL MERCADO CENTRAL DE CHAO->2"
21901,2,2,2,2,11,"3 DE AGOSTO,MERCADO MUNICIPAL DE SIHUAS","3 DE AGOSTO->2,MERCADO MUNICIPAL DE SIHUAS->2"
200602,2,2,2,2,14,"ACOMBE,MERCADO SECTOR LA PUNTA","ACOMBE->3,MERCADO SECTOR LA PUNTA->2"
100111,2,2,2,2,12,"ALMACENES,MERCADO MOLLECITO","ALMACENES->2,MERCADO MOLLECITO->2"
170301,2,2,2,2,8,"ASOCIACION DE COMERCIANTES CONTIGO PERU,MERCADO MUNICIPAL","ASOCIACION DE COMERCIANTES CONTIGO PERU->2,MERCADO MUNICIPAL->2"
130208,2,2,2,2,16,"ASOCIACION DE COMERCIANTES DE MERCADO DE ABASTOS 'ROMA',ASOCIACION DE COMERCIANTES 1RO DE JULIO","ASOCIACION DE COMERCIANTES DE MERCADO DE ABASTOS 'ROMA'->2,ASOCIACION DE COMERCIANTES 1RO DE JULIO->2"
190113,2,2,2,2,6,"ASOCIACION DE COMERCIANTES MINORISTA MERCADO SANTA ROSA,MERCADO DE YANACANCHA","ASOCIACION DE COMERCIANTES MINORISTA MERCADO SANTA ROSA->2,MERCADO DE YANACANCHA->2"
130402,2,2,2,2,28,"CENTRAL DE PACANGUILLA,DE PACANGA","CENTRAL DE PACANGUILLA->2,DE PACANGA->2"
40126,2,2,2,2,16,"LA ANTIQUILLA,FERIA JERUSALEN YANAHUARA","LA ANTIQUILLA->2,FERIA JERUSALEN YANAHUARA->3"
80901,2,2,2,2,86,"MARACANA,MERCADO MODELO","MARACANA->2,MERCADO MODELO->2"
200504,2,2,2,2,16,"MERCADILLO MIGUEL GRAU LA CAPILLA,MERCADO CENTRAL","MERCADILLO MIGUEL GRAU LA CAPILLA->2,MERCADO CENTRAL->2"
40108,2,2,2,2,7,"MERCADILLO Nº 2,MERCADO SAN MARTIN DE PORRES","MERCADILLO Nº 2->2,MERCADO SAN MARTIN DE PORRES->2"
10206,2,2,2,2,90,"MERCADILLO,MERCADO MODELO DE BAGUA","MERCADILLO->2,MERCADO MODELO DE BAGUA->3"
160108,2,2,2,2,3,"MERCADILLO,MERCADO MUNICIPAL TENIENTE MANUEL CLAVERO","MERCADILLO->2,MERCADO MUNICIPAL TENIENTE MANUEL CLAVERO->2"
150205,2,2,2,2,3,"MERCADO ANEXO,MERCADO MUNICIPAL PUERTO SUPE","MERCADO ANEXO->2,MERCADO MUNICIPAL PUERTO SUPE->2"
120901,2,2,2,2,41,"MERCADO BUENOS AIRES,MERCADO MODELO DE CHUPACA","MERCADO BUENOS AIRES->2,MERCADO MODELO DE CHUPACA->2"
130702,2,2,2,2,20,"MERCADO CENTRAL DE GUADALUPE,CIUDAD DE DIOS","MERCADO CENTRAL DE GUADALUPE->2,CIUDAD DE DIOS->2"
130701,2,2,2,2,58,"MERCADO CENTRAL DE SAN PEDRO DE LLOC,MERCADO CHOCOFAN","MERCADO CENTRAL DE SAN PEDRO DE LLOC->2,MERCADO CHOCOFAN->2"
200301,2,2,2,2,3,"MERCADO DE ABASTO MUNICIPAL,TERMINAL PESQUERO CAMPO FERIAL","MERCADO DE ABASTO MUNICIPAL->2,TERMINAL PESQUERO CAMPO FERIAL->2"
21601,2,2,2,2,18,"MERCADO DE ABASTOS CAÑADI,MERCADO DE ABASTOS CONVENTO","MERCADO DE ABASTOS CAÑADI->2,MERCADO DE ABASTOS CONVENTO->2"
60106,2,2,2,2,2,"MERCADO DE ABASTOS DE LA HUARACLLA,MERCADO DE ABASTOS DE JESUS","MERCADO DE ABASTOS DE LA HUARACLLA->2,MERCADO DE ABASTOS DE JESUS->2"
120805,2,2,2,2,9,"MERCADO DE ABASTOS DE MOROCOCHA,MERCADO LA PARADITA","MERCADO DE ABASTOS DE MOROCOCHA->2,MERCADO LA PARADITA->2"
221001,2,2,2,2,41,"MERCADO DE ABASTOS NUMERO 01,MERCADO LA UNION","MERCADO DE ABASTOS NUMERO 01->2,MERCADO LA UNION->2"
60307,2,2,2,2,5,"MERCADO DE ABASTOS PIZON,MERCADO CHALAN","MERCADO DE ABASTOS PIZON->2,MERCADO CHALAN->2"
200507,2,2,2,2,1,"MERCADO DE ABASTOS,MERCADO DE VICHAYAL","MERCADO DE ABASTOS->2,MERCADO DE VICHAYAL->2"
200114,2,2,2,2,324,"MERCADO DE FRUTAS,MERCADO CENTRAL","MERCADO DE FRUTAS->1,MERCADO CENTRAL->2"
80104,2,2,2,2,121,"MERCADO DE VINOCANCHON,MERCADO DE PRODUCTORES DE SAN JERONIMO","MERCADO DE VINOCANCHON->3,MERCADO DE PRODUCTORES DE SAN JERONIMO->3"
20105,2,2,2,2,10,"MERCADO DEL DISTRITO DE INDEPENDENCIA SEÑOR DE LOS MILAGROS,MERCADO CENTRAL LAS FLORES","MERCADO DEL DISTRITO DE INDEPENDENCIA SEÑOR DE LOS MILAGROS->2,MERCADO CENTRAL LAS FLORES->2"
190307,2,2,2,2,18,"MERCADO DORIS ESPINOZA,MERCADO MUNICIPAL VILLA RICA","MERCADO DORIS ESPINOZA->2,MERCADO MUNICIPAL VILLA RICA->2"
40501,2,2,2,2,7,"MERCADO EL PORVENIR,MERCADO SEÑOR DE HUANCA","MERCADO EL PORVENIR->2,MERCADO SEÑOR DE HUANCA->2"
130901,2,2,2,2,4,"MERCADO HUAMACHUCO,MERCADO SAN SALVADOR","MERCADO HUAMACHUCO->3,MERCADO SAN SALVADOR->2"
60401,2,2,2,2,42,"MERCADO JULIO VASQUEZ ACUÑA,MERCADO CENTRAL","MERCADO JULIO VASQUEZ ACUÑA->2,MERCADO CENTRAL->2"
230302,2,2,2,2,1,"MERCADO LA FLORIDA,MERCADO DE ABASTOS MIRAVE","MERCADO LA FLORIDA->2,MERCADO DE ABASTOS MIRAVE->2"
50110,2,2,2,2,64,"MERCADO LAS AMERICAS,MERCADO MIRAFLORES","MERCADO LAS AMERICAS->3,MERCADO MIRAFLORES->2"
150139,2,2,2,2,4,"MERCADO LOS GIRASOLES,MERCADO 8 DE JULIO","MERCADO LOS GIRASOLES->2,MERCADO 8 DE JULIO->2"
100103,2,2,2,2,9,"MERCADO LOS LAURELES,MERCADO MUNICIPAL","MERCADO LOS LAURELES->2,MERCADO MUNICIPAL->2"
130205,2,2,2,2,102,"MERCADO MAYORISTA EL TAMBO,MERCADO MINORISTA ""SAN SALVADOR""","MERCADO MAYORISTA EL TAMBO->1,MERCADO MINORISTA ""SAN SALVADOR""->2"
220804,2,2,2,2,77,"MERCADO MAYORISTA JOSE OLAYA,MERCADO CENTRAL","MERCADO MAYORISTA JOSE OLAYA->1,MERCADO CENTRAL->2"
100604,2,2,2,2,23,"MERCADO MODELO DE ABASTOS,MERCADO DE SANGAPILLA","MERCADO MODELO DE ABASTOS->2,MERCADO DE SANGAPILLA->2"
30201,2,2,2,2,152,"MERCADO MODELO DE ANDAHUAYLAS CAMILO ABUHADBA ABEDRAB,MERCADO CHUMBAO","MERCADO MODELO DE ANDAHUAYLAS CAMILO ABUHADBA ABEDRAB->2,MERCADO CHUMBAO->2"
21001,2,2,2,2,18,"MERCADO MODELO SANTO TORIBIO DE MOGROVEJO,MERCADO MODELO FLOR DE HUAGANKU","MERCADO MODELO SANTO TORIBIO DE MOGROVEJO->2,MERCADO MODELO FLOR DE HUAGANKU->2"
150722,2,2,2,2,22,"MERCADO MODELO VIRGEN DE COCHARCAS,MERCADO CARNE ROJA SEÑOR DE LOS MILAGROS","MERCADO MODELO VIRGEN DE COCHARCAS->3,MERCADO CARNE ROJA SEÑOR DE LOS MILAGROS->3"
200501,2,2,2,2,125,"MERCADO MODELO,MERCADILLO SANTA ROSA","MERCADO MODELO->3,MERCADILLO SANTA ROSA->3"
81301,2,2,2,2,111,"MERCADO MODELO,MERCADO CENTRAL","MERCADO MODELO->2,MERCADO CENTRAL->2"
80401,2,2,2,2,174,"MERCADO MODELO,MERCADO DE ABASTO","MERCADO MODELO->2,MERCADO DE ABASTO->2"
60301,2,2,2,2,71,"MERCADO MODELO,MERCADO DE ABASTOS","MERCADO MODELO->2,MERCADO DE ABASTOS->3"
20801,2,2,2,2,40,"MERCADO MODELO,MERCADO SAN MARTIN","MERCADO MODELO->2,MERCADO SAN MARTIN->3"
21014,2,2,2,2,12,"MERCADO MODELO,MERCADO VIRGEN PEREGRINA","MERCADO MODELO->2,MERCADO VIRGEN PEREGRINA->3"
131006,2,2,2,2,19,"MERCADO MUNICIPAL CORE,MERCADILLO BOLIVAR","MERCADO MUNICIPAL CORE->2,MERCADILLO BOLIVAR->2"
150806,2,2,2,2,61,"MERCADO MUNICIPAL DE HUAURA,SAN MARTIN","MERCADO MUNICIPAL DE HUAURA->3,SAN MARTIN->2"
100501,2,2,2,2,12,"MERCADO MUNICIPAL DE LLATA,MERCADILLO PINEDA","MERCADO MUNICIPAL DE LLATA->2,MERCADILLO PINEDA->2"
200506,2,2,2,2,0,"MERCADO MUNICIPAL LA LIBERTAD - TAMARINDO,MERCADO DE TAMARINDO","MERCADO MUNICIPAL LA LIBERTAD - TAMARINDO->2,MERCADO DE TAMARINDO->2"
140307,2,2,2,2,58,"MERCADO MUNICIPAL NRO 2,MERCADO MUNICIPAL NRO 1","MERCADO MUNICIPAL NRO 2->2,MERCADO MUNICIPAL NRO 1->2"
250201,2,2,2,2,9,"MERCADO MUNICIPAL,MERCADILLO VILLA ATALAYA","MERCADO MUNICIPAL->2,MERCADILLO VILLA ATALAYA->2"
110304,2,2,2,2,13,"MERCADO MUNICIPAL,MERCADO CENTRAL","MERCADO MUNICIPAL->2,MERCADO CENTRAL->2"
110501,2,2,2,2,110,"MERCADO N° 02,MERCADO FERIAL N° 01","MERCADO N° 02->3,MERCADO FERIAL N° 01->3"
40201,2,2,2,2,80,"MERCADO N°2 DON ALBERTO,MERCADO CENTRAL DE CAMANA","MERCADO N°2 DON ALBERTO->2,MERCADO CENTRAL DE CAMANA->3"
110301,2,2,2,2,19,"MERCADO NASCA VIRGEN DE GUADALUPE,MERCADO LA PARADITA","MERCADO NASCA VIRGEN DE GUADALUPE->2,MERCADO LA PARADITA->2"
200601,2,2,2,2,32,"MERCADO NUEVE DE OCTUBRE,MERCADO MODELO","MERCADO NUEVE DE OCTUBRE->2,MERCADO MODELO->2"
130803,2,2,2,2,2,"MERCADO NUEVO,MERCADO ANTIGUO","MERCADO NUEVO->2,MERCADO ANTIGUO->2"
140116,2,2,2,2,46,"MERCADO PARADA NUEVA,MERCADO CENTRAL","MERCADO PARADA NUEVA->3,MERCADO CENTRAL->2"
140301,2,2,2,2,82,"MERCADO PARADITA,MERCADO MODELO","MERCADO PARADITA->2,MERCADO MODELO->2"
10307,2,2,2,2,43,"MERCADO PEDRO RUIZ II,MERCADO PEDRO RUIZ","MERCADO PEDRO RUIZ II->2,MERCADO PEDRO RUIZ->2"
40128,2,2,2,2,8,"MERCADO SANTA ELISA,SANTA MONICA","MERCADO SANTA ELISA->2,SANTA MONICA->2"
140201,2,2,2,2,134,"MERCADO SANTA LUCIA,MERCADO CENTRAL","MERCADO SANTA LUCIA->2,MERCADO CENTRAL->3"
150810,2,2,2,2,10,"MERCADO SANTA MARIA,LUIS PARDO","MERCADO SANTA MARIA->2,LUIS PARDO->2"
190301,2,2,2,2,16,"MERCADO SANTA ROSA,MERCADO ANTIGUO","MERCADO SANTA ROSA->2,MERCADO ANTIGUO->2"
210201,2,2,2,2,25,"MERCADO SANTA ROSA,MERCADO VILCAPAZA","MERCADO SANTA ROSA->3,MERCADO VILCAPAZA->3"
150203,2,2,2,2,65,"MERCADO SIMON BOLIVAR,MERCADO SAN MARTIN","MERCADO SIMON BOLIVAR->3,MERCADO SAN MARTIN->2"
200109,2,2,2,2,24,"MERCADO SIXTO ZAPATA MELENDEZ,MERCADILLO SEÑOR DE LOS MILAGROS","MERCADO SIXTO ZAPATA MELENDEZ->2,MERCADILLO SEÑOR DE LOS MILAGROS->2"
60701,2,2,2,2,8,"MERCADO TEMPORAL DE BAMBAMARCA,MERCADO CENTRAL DE BAMBAMARCA","MERCADO TEMPORAL DE BAMBAMARCA->2,MERCADO CENTRAL DE BAMBAMARCA->2"
50801,2,2,2,2,2,"MERCADO VIRGEN DE CHUMBE,MERCADO MUNICIPAL","MERCADO VIRGEN DE CHUMBE->2,MERCADO MUNICIPAL->2"
150507,2,2,2,2,137,"MERCADO VIRGEN DEL CARMEN,MEGA CENTER","MERCADO VIRGEN DEL CARMEN->2,MEGA CENTER->2"
120125,2,2,2,2,8,"MERCADO WILLYS,MERCADO DE PILCOMAYO","MERCADO WILLYS->2,MERCADO DE PILCOMAYO->2"
220801,2,2,2,2,14,"MERCADO ZONAL N° 2,MERCADO DE ABASTOS DE RIOJA","MERCADO ZONAL N° 2->2,MERCADO DE ABASTOS DE RIOJA->2"
130106,2,2,2,2,75,"MODELO DE LAREDO,PLATAFORMA","MODELO DE LAREDO->2,PLATAFORMA->2"
150113,2,2,2,2,24,"MODERNO MERCADO,MERCADO SAN JOSE","MODERNO MERCADO->2,MERCADO SAN JOSE->2"
81106,2,2,2,2,39,"PILLCOPATA - KOSÑIPATA,MODELO PATRIA","PILLCOPATA - KOSÑIPATA->3,MODELO PATRIA->2"
170104,2,2,2,2,6,"PUERTO ROSARIO,MERCADO UNION DE COMERCIANTES 3 DE MAYO","PUERTO ROSARIO->2,MERCADO UNION DE COMERCIANTES 3 DE MAYO->2"
150811,2,2,2,2,44,"SEÑOR DE LOS MILAGROS,MERCADO VIRGEN DE GUADALUPE","SEÑOR DE LOS MILAGROS->2,MERCADO VIRGEN DE GUADALUPE->2"
80301,2,2,2,2,23,"SEÑOR DEL PUENTE,MERCADO CENTRAL IZCUCHACA - ANTA","SEÑOR DEL PUENTE->3,MERCADO CENTRAL IZCUCHACA - ANTA->3"
190308,1,1,1,1,12,30 DE AGOSTO,30 DE AGOSTO->2
81208,1,1,1,1,14,ABASTO DE LUCRE,ABASTO DE LUCRE->3
81212,1,1,1,1,39,ASENCION GALLEGOS,ASENCION GALLEGOS->2
150129,1,1,1,1,30,ASOCIACION DE COMERCIANTES DEL MERCADO MUNICIPAL DE SAN BARTOLO,ASOCIACION DE COMERCIANTES DEL MERCADO MUNICIPAL DE SAN BARTOLO->2
170102,1,1,1,1,3,ASOCIACION DE COMERCIANTES MERCADILLO 7 DE JUNIO,ASOCIACION DE COMERCIANTES MERCADILLO 7 DE JUNIO->2
170302,1,1,1,1,16,ASOCIACION DE COMERCIANTES VIRGEN DEL CARMEN,ASOCIACION DE COMERCIANTES VIRGEN DEL CARMEN->2
220105,1,1,1,1,48,ASOCIACION DE PROPIETARIOS Y COMERCIANTES DEL MERCADO MODELO,ASOCIACION DE PROPIETARIOS Y COMERCIANTES DEL MERCADO MODELO->3
81203,1,1,1,1,2,CAMANTI QUINCEMIL,CAMANTI QUINCEMIL->2
40409,1,1,1,1,6,CENTRAL DE ORCOPAMPA,CENTRAL DE ORCOPAMPA->2
210211,1,1,1,1,0,CENTRO COMERCIAL,CENTRO COMERCIAL->2
210309,1,1,1,1,0,CENTRO COMERCIAL,CENTRO COMERCIAL->3
30601,1,1,1,1,2,CENTRO COMERCIAL BLANQUILLO DURAZNO,CENTRO COMERCIAL BLANQUILLO DURAZNO->2
150401,1,1,1,1,0,CENTRO COMERCIAL INMACULADA CONCEPCION,CENTRO COMERCIAL INMACULADA CONCEPCION->2
210203,1,1,1,1,2,CENTRO COMUNAL COMERCIAL ARAPA,CENTRO COMUNAL COMERCIAL ARAPA->2
210209,1,1,1,1,0,CENTRO DE ABASTOS,CENTRO DE ABASTOS->2
160705,1,1,1,1,1,CENTRO DE ABASTOS DE ULLPAYACU,CENTRO DE ABASTOS DE ULLPAYACU->2
130108,1,1,1,1,1,DE POROTO,DE POROTO->2
210601,1,1,1,1,35,EL MERCADO,EL MERCADO->3
81206,1,1,1,1,5,FLOR DE CAPULI DE CUSIPATA,FLOR DE CAPULI DE CUSIPATA->2
140107,1,1,1,1,24,JAVIER CALDERON CHAVEZ,JAVIER CALDERON CHAVEZ->2
130703,1,1,1,1,5,JEQUETEPEQUE,JEQUETEPEQUE->2
150807,1,1,1,1,15,LA PARADA DE MANCHANCHACA,LA PARADA DE MANCHANCHACA->3
90206,1,1,1,1,0,MEGA CENTRO DEL DISTRITO DE PAUCARA,MEGA CENTRO DEL DISTRITO DE PAUCARA->3
200409,1,1,1,1,1,MERCADILLO,MERCADILLO->2
250103,1,1,1,1,3,MERCADILLO,MERCADILLO->2
180303,1,1,1,1,0,MERCADILLO DE CIUDAD NUEVA,MERCADILLO DE CIUDAD NUEVA->2
240104,1,1,1,1,0,MERCADILLO DE PAMPAS DE HOSPITAL,MERCADILLO DE PAMPAS DE HOSPITAL->2
200210,1,1,1,1,0,MERCADILLO DE SUYO,MERCADILLO DE SUYO->2
200505,1,1,1,1,2,MERCADILLO LA HUACA,MERCADILLO LA HUACA->2
131001,1,1,1,1,2,MERCADILLO UNION Y PROGRESO,MERCADILLO UNION Y PROGRESO->2
81307,1,1,1,1,7,MERCADO,MERCADO->2
60417,1,1,1,1,12,MERCADO,MERCADO->2
210105,1,1,1,1,5,MERCADO,MERCADO->3
211210,1,1,1,1,15,MERCADO,MERCADO->2
250401,1,1,1,1,2,MERCADO,MERCADO->2
120604,1,1,1,1,60,MERCADO  4 DE MARZO,MERCADO  4 DE MARZO->2
211301,1,1,1,1,10,MERCADO  CENTRAL,MERCADO  CENTRAL->2
210504,1,1,1,1,2,MERCADO 6 DE AGOSTO,MERCADO 6 DE AGOSTO->3
60902,1,1,1,1,13,MERCADO 24 DE JULIO,MERCADO 24 DE JULIO->2
120502,1,1,1,1,2,MERCADO BUENOS AIRES,MERCADO BUENOS AIRES->2
120607,1,1,1,1,1,MERCADO CENTRAL,MERCADO CENTRAL->2
60501,1,1,1,1,0,MERCADO CENTRAL,MERCADO CENTRAL->3
20606,1,1,1,1,6,MERCADO CENTRAL,MERCADO CENTRAL->2
60406,1,1,1,1,3,MERCADO CENTRAL,MERCADO CENTRAL->2
60407,1,1,1,1,5,MERCADO CENTRAL,MERCADO CENTRAL->2
200207,1,1,1,1,1,MERCADO CENTRAL,MERCADO CENTRAL->2
200705,1,1,1,1,18,MERCADO CENTRAL,MERCADO CENTRAL->2
210301,1,1,1,1,0,MERCADO CENTRAL,MERCADO CENTRAL->3
210401,1,1,1,1,20,MERCADO CENTRAL,MERCADO CENTRAL->3
210402,1,1,1,1,10,MERCADO CENTRAL,MERCADO CENTRAL->2
210407,1,1,1,1,0,MERCADO CENTRAL,MERCADO CENTRAL->2
210501,1,1,1,1,100,MERCADO CENTRAL,MERCADO CENTRAL->2
210701,1,1,1,1,6,MERCADO CENTRAL,MERCADO CENTRAL->2
210801,1,1,1,1,12,MERCADO CENTRAL,MERCADO CENTRAL->2
220504,1,1,1,1,1,MERCADO CENTRAL,MERCADO CENTRAL->2
220913,1,1,1,1,0,MERCADO CENTRAL,MERCADO CENTRAL->2
221005,1,1,1,1,4,MERCADO CENTRAL,MERCADO CENTRAL->2
211002,1,1,1,1,5,MERCADO CENTRAL 3 DE MAYO RINCONADA,MERCADO CENTRAL 3 DE MAYO RINCONADA->3
210303,1,1,1,1,0,MERCADO CENTRAL AYAPATA,MERCADO CENTRAL AYAPATA->2
30104,1,1,1,1,9,MERCADO CENTRAL CURAHUASI,MERCADO CENTRAL CURAHUASI->2
200105,1,1,1,1,25,MERCADO CENTRAL DE ABASTOS,MERCADO CENTRAL DE ABASTOS->2
40401,1,1,1,1,13,MERCADO CENTRAL DE ABASTOS DE APLAO,MERCADO CENTRAL DE ABASTOS DE APLAO->2
220401,1,1,1,1,7,MERCADO CENTRAL DE ABASTOS SAPOSOA,MERCADO CENTRAL DE ABASTOS SAPOSOA->2
230401,1,1,1,1,5,MERCADO CENTRAL DE ABASTOS TARATA,MERCADO CENTRAL DE ABASTOS TARATA->2
20201,1,1,1,1,0,MERCADO CENTRAL DE AIJA,MERCADO CENTRAL DE AIJA->2
40307,1,1,1,1,9,MERCADO CENTRAL DE CHALA,MERCADO CENTRAL DE CHALA->2
240102,1,1,1,1,11,MERCADO CENTRAL DE CORRALES,MERCADO CENTRAL DE CORRALES->2
80801,1,1,1,1,67,MERCADO CENTRAL DE ESPINAR,MERCADO CENTRAL DE ESPINAR->2
80504,1,1,1,1,3,MERCADO CENTRAL DE LANGUI,MERCADO CENTRAL DE LANGUI->2
80604,1,1,1,1,2,MERCADO CENTRAL DE MARANGANI,MERCADO CENTRAL DE MARANGANI->2
150901,1,1,1,1,10,MERCADO CENTRAL DE OYON,MERCADO CENTRAL DE OYON->2
120606,1,1,1,1,50,MERCADO CENTRAL DE PANGOA,MERCADO CENTRAL DE PANGOA->2
80205,1,1,1,1,15,MERCADO CENTRAL DE POMACANCHI,MERCADO CENTRAL DE POMACANCHI->2
80601,1,1,1,1,50,MERCADO CENTRAL DE SICUANI,MERCADO CENTRAL DE SICUANI->2
170204,1,1,1,1,5,MERCADO CENTRAL HUEPETUHE,MERCADO CENTRAL HUEPETUHE->2
100704,1,1,1,1,3,MERCADO CENTRAL LA MORADA,MERCADO CENTRAL LA MORADA->2
10706,1,1,1,1,7,MERCADO CENTRAL LONYA GRANDE,MERCADO CENTRAL LONYA GRANDE->3
100201,1,1,1,1,10,MERCADO CENTRAL MUNICIPAL DE AMBO,MERCADO CENTRAL MUNICIPAL DE AMBO->2
21701,1,1,1,1,10,MERCADO CENTRAL RECUAY,MERCADO CENTRAL RECUAY->2
210212,1,1,1,1,0,MERCADO CENTRAL SAN JOSE,MERCADO CENTRAL SAN JOSE->2
61301,1,1,1,1,30,MERCADO CENTRAL SANTA CRUZ,MERCADO CENTRAL SANTA CRUZ->2
60809,1,1,1,1,4,MERCADO CENTRAL SEÑOR DE LA HUMILDAD,MERCADO CENTRAL SEÑOR DE LA HUMILDAD->2
120121,1,1,1,1,0,MERCADO CENTRO COMERCIAL COMUNAL DE HUAYUCACHI,MERCADO CENTRO COMERCIAL COMUNAL DE HUAYUCACHI->2
90201,1,1,1,1,25,MERCADO CHANIN,MERCADO CHANIN->3
40122,1,1,1,1,4,MERCADO CIUDAD MI TRABAJO,MERCADO CIUDAD MI TRABAJO->2
120132,1,1,1,1,1,MERCADO COMERCIAL APOSTOL SAN PEDRO,MERCADO COMERCIAL APOSTOL SAN PEDRO->2
220705,1,1,1,1,5,MERCADO COMERCIAL COMUNAL,MERCADO COMERCIAL COMUNAL->2
160113,1,1,1,1,0,MERCADO COMUNAL CAMPE,MERCADO COMUNAL CAMPE->2
120210,1,1,1,1,3,MERCADO COMUNAL ROSA ARTICA,MERCADO COMUNAL ROSA ARTICA->2
220707,1,1,1,1,1,MERCADO COMUNAL SAN HILARION,MERCADO COMUNAL SAN HILARION->2
100109,1,1,1,1,3,MERCADO CONYS DEL VALLE,MERCADO CONYS DEL VALLE->2
200107,1,1,1,1,10,MERCADO CURA MORI,MERCADO CURA MORI->2
80405,1,1,1,1,30,MERCADO DE ABASTO,MERCADO DE ABASTO->2
80906,1,1,1,1,25,MERCADO DE ABASTO,MERCADO DE ABASTO->2
81304,1,1,1,1,20,MERCADO DE ABASTO,MERCADO DE ABASTO->2
90401,1,1,1,1,2,MERCADO DE ABASTO DE CASTROVIRREYNA,MERCADO DE ABASTO DE CASTROVIRREYNA->2
140309,1,1,1,1,7,MERCADO DE ABASTO DE PACORA,MERCADO DE ABASTO DE PACORA->2
110305,1,1,1,1,20,MERCADO DE ABASTO VISTA ALEGRE,MERCADO DE ABASTO VISTA ALEGRE->2
61109,1,1,1,1,6,MERCADO DE ABASTOS,MERCADO DE ABASTOS->2
80902,1,1,1,1,16,MERCADO DE ABASTOS,MERCADO DE ABASTOS->2
80903,1,1,1,1,38,MERCADO DE ABASTOS,MERCADO DE ABASTOS->2
80904,1,1,1,1,25,MERCADO DE ABASTOS,MERCADO DE ABASTOS->2
80908,1,1,1,1,12,MERCADO DE ABASTOS,MERCADO DE ABASTOS->2
90112,1,1,1,1,0,MERCADO DE ABASTOS,MERCADO DE ABASTOS->2
140103,1,1,1,1,45,MERCADO DE ABASTOS,MERCADO DE ABASTOS->2
140110,1,1,1,1,156,MERCADO DE ABASTOS,MERCADO DE ABASTOS->2
140112,1,1,1,1,65,MERCADO DE ABASTOS,MERCADO DE ABASTOS->2
140113,1,1,1,1,25,MERCADO DE ABASTOS,MERCADO DE ABASTOS->2
140308,1,1,1,1,220,MERCADO DE ABASTOS,MERCADO DE ABASTOS->2
140311,1,1,1,1,14,MERCADO DE ABASTOS,MERCADO DE ABASTOS->2
60409,1,1,1,1,0,MERCADO DE ABASTOS,MERCADO DE ABASTOS->2
200111,1,1,1,1,17,MERCADO DE ABASTOS,MERCADO DE ABASTOS->3
200405,1,1,1,1,7,MERCADO DE ABASTOS,MERCADO DE ABASTOS->2
200603,1,1,1,1,10,MERCADO DE ABASTOS,MERCADO DE ABASTOS->3
60502,1,1,1,1,0,MERCADO DE ABASTOS,MERCADO DE ABASTOS->2
200702,1,1,1,1,19,MERCADO DE ABASTOS,MERCADO DE ABASTOS->2
220104,1,1,1,1,0,MERCADO DE ABASTOS,MERCADO DE ABASTOS->2
60419,1,1,1,1,9,MERCADO DE ABASTOS,MERCADO DE ABASTOS->2
221002,1,1,1,1,18,MERCADO DE ABASTOS,MERCADO DE ABASTOS->2
230301,1,1,1,1,2,MERCADO DE ABASTOS  LOCUMBA,MERCADO DE ABASTOS  LOCUMBA->2
130201,1,1,1,1,0,MERCADO DE ABASTOS 'ASCOPE',MERCADO DE ABASTOS 'ASCOPE'->2
30401,1,1,1,1,8,MERCADO DE ABASTOS CHALHUANCA,MERCADO DE ABASTOS CHALHUANCA->2
40413,1,1,1,1,8,MERCADO DE ABASTOS CORIRE,MERCADO DE ABASTOS CORIRE->2
60303,1,1,1,1,3,MERCADO DE ABASTOS CORTEGANA,MERCADO DE ABASTOS CORTEGANA->2
80201,1,1,1,1,4,MERCADO DE ABASTOS DE ACOMAYO,MERCADO DE ABASTOS DE ACOMAYO->2
240302,1,1,1,1,0,MERCADO DE ABASTOS DE AGUAS VERDES,MERCADO DE ABASTOS DE AGUAS VERDES->3
60802,1,1,1,1,4,MERCADO DE ABASTOS DE BELLAVISTA,MERCADO DE ABASTOS DE BELLAVISTA->2
10702,1,1,1,1,0,MERCADO DE ABASTOS DE CAJARURO,MERCADO DE ABASTOS DE CAJARURO->2
60602,1,1,1,1,50,MERCADO DE ABASTOS DE CALLAYUC,MERCADO DE ABASTOS DE CALLAYUC->2
230201,1,1,1,1,0,MERCADO DE ABASTOS DE CANDARAVE,MERCADO DE ABASTOS DE CANDARAVE->2
100802,1,1,1,1,0,MERCADO DE ABASTOS DE CHAGLLA,MERCADO DE ABASTOS DE CHAGLLA->2
60103,1,1,1,1,5,MERCADO DE ABASTOS DE CHETILLA,MERCADO DE ABASTOS DE CHETILLA->2
60109,1,1,1,1,20,MERCADO DE ABASTOS DE CHOROPAMPA,MERCADO DE ABASTOS DE CHOROPAMPA->2
90501,1,1,1,1,1,MERCADO DE ABASTOS DE CHURCAMPA,MERCADO DE ABASTOS DE CHURCAMPA->2
80603,1,1,1,1,4,MERCADO DE ABASTOS DE COMBAPATA,MERCADO DE ABASTOS DE COMBAPATA->2
10505,1,1,1,1,0,MERCADO DE ABASTOS DE CONILA,MERCADO DE ABASTOS DE CONILA->2
10703,1,1,1,1,5,MERCADO DE ABASTOS DE CUMBA,MERCADO DE ABASTOS DE CUMBA->3
60703,1,1,1,1,8,MERCADO DE ABASTOS DE HUALGAYOC,MERCADO DE ABASTOS DE HUALGAYOC->2
90101,1,1,1,1,33,MERCADO DE ABASTOS DE HUANCAVELICA,MERCADO DE ABASTOS DE HUANCAVELICA->2
140303,1,1,1,1,20,MERCADO DE ABASTOS DE ILLIMO,MERCADO DE ABASTOS DE ILLIMO->2
160206,1,1,1,1,0,MERCADO DE ABASTOS DE LAGUNAS,MERCADO DE ABASTOS DE LAGUNAS->3
220501,1,1,1,1,12,MERCADO DE ABASTOS DE LAMAS,MERCADO DE ABASTOS DE LAMAS->2
10501,1,1,1,1,0,MERCADO DE ABASTOS DE LAMUD,MERCADO DE ABASTOS DE LAMUD->2
140305,1,1,1,1,60,MERCADO DE ABASTOS DE MOCHUMI,MERCADO DE ABASTOS DE MOCHUMI->2
100801,1,1,1,1,4,MERCADO DE ABASTOS DE PACHITEA,MERCADO DE ABASTOS DE PACHITEA->2
60312,1,1,1,1,8,MERCADO DE ABASTOS DE PALLAN,MERCADO DE ABASTOS DE PALLAN->2
60606,1,1,1,1,10,MERCADO DE ABASTOS DE PIMPINGOS,MERCADO DE ABASTOS DE PIMPINGOS->2
60808,1,1,1,1,20,MERCADO DE ABASTOS DE PUCARA,MERCADO DE ABASTOS DE PUCARA->2
60901,1,1,1,1,15,MERCADO DE ABASTOS DE SAN IGNACIO (ACOMASI),MERCADO DE ABASTOS DE SAN IGNACIO (ACOMASI)->3
60112,1,1,1,1,15,MERCADO DE ABASTOS DE SAN JUAN,MERCADO DE ABASTOS DE SAN JUAN->2
61201,1,1,1,1,4,MERCADO DE ABASTOS DE SAN PABLO,MERCADO DE ABASTOS DE SAN PABLO->2
80701,1,1,1,1,12,MERCADO DE ABASTOS DE SANTO TOMAS,MERCADO DE ABASTOS DE SANTO TOMAS->2
220510,1,1,1,1,1,MERCADO DE ABASTOS DE TABALOSOS,MERCADO DE ABASTOS DE TABALOSOS->2
140312,1,1,1,1,30,MERCADO DE ABASTOS DE TUCUME,MERCADO DE ABASTOS DE TUCUME->2
21002,1,1,1,1,1,MERCADO DE ABASTOS DE USO MULTIPLE,MERCADO DE ABASTOS DE USO MULTIPLE->2
30215,1,1,1,1,2,MERCADO DE ABASTOS DEL CENTRO POBLADO NUEVA ESPERANZA,MERCADO DE ABASTOS DEL CENTRO POBLADO NUEVA ESPERANZA->2
140119,1,1,1,1,28,MERCADO DE ABASTOS DEL DISTRITO DE PUCALA,MERCADO DE ABASTOS DEL DISTRITO DE PUCALA->2
120133,1,1,1,1,100,MERCADO DE ABASTOS DIA JUEVES,MERCADO DE ABASTOS DIA JUEVES->3
220805,1,1,1,1,10,MERCADO DE ABASTOS EDUARDO GERALDO SOLIS VASQUEZ,MERCADO DE ABASTOS EDUARDO GERALDO SOLIS VASQUEZ->2
120117,1,1,1,1,2,MERCADO DE ABASTOS ESPIRITU SANTO,MERCADO DE ABASTOS ESPIRITU SANTO->2
100701,1,1,1,1,4,MERCADO DE ABASTOS HUACRACHUCO,MERCADO DE ABASTOS HUACRACHUCO->2
10604,1,1,1,1,0,MERCADO DE ABASTOS HUAMBO,MERCADO DE ABASTOS HUAMBO->2
120704,1,1,1,1,12,MERCADO DE ABASTOS HUASAHUASI,MERCADO DE ABASTOS HUASAHUASI->2
230303,1,1,1,1,0,MERCADO DE ABASTOS ITE,MERCADO DE ABASTOS ITE->2
120808,1,1,1,1,4,MERCADO DE ABASTOS JOSE OLAYA,MERCADO DE ABASTOS JOSE OLAYA->2
60105,1,1,1,1,30,MERCADO DE ABASTOS LA ENCAÑADA,MERCADO DE ABASTOS LA ENCAÑADA->2
60410,1,1,1,1,12,MERCADO DE ABASTOS LAJAS,MERCADO DE ABASTOS LAJAS->2
30106,1,1,1,1,1,MERCADO DE ABASTOS LAMBRAMA,MERCADO DE ABASTOS LAMBRAMA->2
211203,1,1,1,1,2,MERCADO DE ABASTOS LIMBANI,MERCADO DE ABASTOS LIMBANI->2
131003,1,1,1,1,3,MERCADO DE ABASTOS MUNICIPAL,MERCADO DE ABASTOS MUNICIPAL->2
60614,1,1,1,1,30,MERCADO DE ABASTOS MUNICIPAL SOCOTA,MERCADO DE ABASTOS MUNICIPAL SOCOTA->3
30605,1,1,1,1,2,MERCADO DE ABASTOS OCOBAMBA,MERCADO DE ABASTOS OCOBAMBA->2
60308,1,1,1,1,3,MERCADO DE ABASTOS OXAMARCA,MERCADO DE ABASTOS OXAMARCA->2
140117,1,1,1,1,44,MERCADO DE ABASTOS PATAPO,MERCADO DE ABASTOS PATAPO->2
140114,1,1,1,1,15,MERCADO DE ABASTOS RIVERA DEL MAR,MERCADO DE ABASTOS RIVERA DEL MAR->2
130109,1,1,1,1,6,MERCADO DE ABASTOS SALAVERRY,MERCADO DE ABASTOS SALAVERRY->2
120136,1,1,1,1,0,MERCADO DE ABASTOS SAN AGUSTIN,MERCADO DE ABASTOS SAN AGUSTIN->2
220807,1,1,1,1,0,MERCADO DE ABASTOS SAN FERNANDO,MERCADO DE ABASTOS SAN FERNANDO->2
40123,1,1,1,1,10,MERCADO DE ABASTOS SAN MARTIN DE PORRES,MERCADO DE ABASTOS SAN MARTIN DE PORRES->3
10601,1,1,1,1,10,MERCADO DE ABASTOS SAN NICOLAS,MERCADO DE ABASTOS SAN NICOLAS->2
40121,1,1,1,1,8,MERCADO DE ABASTOS SANTA RITA DE SIGUAS,MERCADO DE ABASTOS SANTA RITA DE SIGUAS->2
60812,1,1,1,1,20,MERCADO DE ABASTOS SANTA ROSA,MERCADO DE ABASTOS SANTA ROSA->2
60309,1,1,1,1,5,MERCADO DE ABASTOS SOROCHUCO,MERCADO DE ABASTOS SOROCHUCO->2
140120,1,1,1,1,0,MERCADO DE ABASTOS TUMAN,MERCADO DE ABASTOS TUMAN->2
80402,1,1,1,1,7,MERCADO DE ABASTOS VIRGEN AZUNTA DE COYA,MERCADO DE ABASTOS VIRGEN AZUNTA DE COYA->2
81306,1,1,1,1,30,MERCADO DE ABASTOS VIRGEN DE ASUNTA,MERCADO DE ABASTOS VIRGEN DE ASUNTA->2
20701,1,1,1,1,5,MERCADO DE ABASTOS VIRGEN DE LAS MERCEDES,MERCADO DE ABASTOS VIRGEN DE LAS MERCEDES->2
60807,1,1,1,1,7,MERCADO DE ABASTOS VIRGEN DEL CARMEN,MERCADO DE ABASTOS VIRGEN DEL CARMEN->2
61311,1,1,1,1,40,MERCADO DE ABASTOS YAUYUCAN,MERCADO DE ABASTOS YAUYUCAN->2
200502,1,1,1,1,0,MERCADO DE AMOTAPE,MERCADO DE AMOTAPE->2
60102,1,1,1,1,12,MERCADO DE ASUNCION,MERCADO DE ASUNCION->2
140306,1,1,1,1,50,MERCADO DE BASTOS,MERCADO DE BASTOS->2
160112,1,1,1,1,18,MERCADO DE BELEN LA CASONA,MERCADO DE BELEN LA CASONA->2
200803,1,1,1,1,1,MERCADO DE BERNAL,MERCADO DE BERNAL->2
200402,1,1,1,1,2,MERCADO DE BUENOS AIRES,MERCADO DE BUENOS AIRES->2
211102,1,1,1,1,1,MERCADO DE CABANA,MERCADO DE CABANA->2
211103,1,1,1,1,2,MERCADO DE CABANILLAS,MERCADO DE CABANILLAS->3
250102,1,1,1,1,5,MERCADO DE CAMPO VERDE,MERCADO DE CAMPO VERDE->2
30506,1,1,1,1,4,MERCADO DE CHALHUAHUACHO,MERCADO DE CHALHUAHUACHO->2
30701,1,1,1,1,5,MERCADO DE CHUQUIBAMBILLA,MERCADO DE CHUQUIBAMBILLA->3
21803,1,1,1,1,7,MERCADO DE COISHCO,MERCADO DE COISHCO->2
10509,1,1,1,1,0,MERCADO DE COMERCIANTES MINORISTAS,MERCADO DE COMERCIANTES MINORISTAS->2
30503,1,1,1,1,2,MERCADO DE COYLLURQUI,MERCADO DE COYLLURQUI->2
130904,1,1,1,1,1,MERCADO DE CURGOS,MERCADO DE CURGOS->2
250303,1,1,1,1,2,MERCADO DE CURIMANA,MERCADO DE CURIMANA->3
190102,1,1,1,1,2,MERCADO DE HUACHON,MERCADO DE HUACHON->2
30204,1,1,1,1,7,MERCADO DE HUANCARAMA,MERCADO DE HUANCARAMA->2
50401,1,1,1,1,26,MERCADO DE HUANTA,MERCADO DE HUANTA->2
160602,1,1,1,1,2,MERCADO DE INAHUAYA,MERCADO DE INAHUAYA->2
240103,1,1,1,1,4,MERCADO DE LA CRUZ,MERCADO DE LA CRUZ->2
200706,1,1,1,1,17,MERCADO DE MANCORA,MERCADO DE MANCORA->2
30304,1,1,1,1,5,MERCADO DE MOLLEBAMBA,MERCADO DE MOLLEBAMBA->2
21805,1,1,1,1,20,MERCADO DE MORO,MERCADO DE MORO->2
250304,1,1,1,1,0,MERCADO DE NESHUYA,MERCADO DE NESHUYA->2
250106,1,1,1,1,7,MERCADO DE NUEVA REQUENA,MERCADO DE NUEVA REQUENA->2
150510,1,1,1,1,2,MERCADO DE NUEVO IMPERIAL,MERCADO DE NUEVO IMPERIAL->2
160606,1,1,1,1,10,MERCADO DE ORELLANA,MERCADO DE ORELLANA->2
50509,1,1,1,1,7,MERCADO DE PALMAPAMPA,MERCADO DE PALMAPAMPA->3
80910,1,1,1,1,12,MERCADO DE PICHARI,MERCADO DE PICHARI->2
190304,1,1,1,1,1,MERCADO DE PRODUCTORES AGROPECUARIOS PALCAZU,MERCADO DE PRODUCTORES AGROPECUARIOS PALCAZU->2
210605,1,1,1,1,3,MERCADO DE PUSI,MERCADO DE PUSI->2
200607,1,1,1,1,4,MERCADO DE QUERECOTILLO,MERCADO DE QUERECOTILLO->2
150512,1,1,1,1,5,MERCADO DE QUILMANA,MERCADO DE QUILMANA->2
80907,1,1,1,1,40,MERCADO DE QUIMBIRI,MERCADO DE QUIMBIRI->2
151024,1,1,1,1,0,MERCADO DE QUINCHES,MERCADO DE QUINCHES->2
180104,1,1,1,1,3,MERCADO DE SAMEGUA,MERCADO DE SAMEGUA->2
150513,1,1,1,1,5,MERCADO DE SAN ANTONIO,MERCADO DE SAN ANTONIO->2
160701,1,1,1,1,1,MERCADO DE SAN LORENZO,MERCADO DE SAN LORENZO->2
150514,1,1,1,1,1,MERCADO DE SAN LUIS,MERCADO DE SAN LUIS->2
50501,1,1,1,1,8,MERCADO DE SAN MIGUEL,MERCADO DE SAN MIGUEL->3
50507,1,1,1,1,28,MERCADO DE SANTA ROSA,MERCADO DE SANTA ROSA->2
50407,1,1,1,1,10,MERCADO DE SIVIA,MERCADO DE SIVIA->2
50508,1,1,1,1,40,MERCADO DE TAMBO,MERCADO DE TAMBO->3
200805,1,1,1,1,1,MERCADO DE VICE,MERCADO DE VICE->2
250305,1,1,1,1,20,MERCADO DE VONT HUMBOLDT,MERCADO DE VONT HUMBOLDT->2
250105,1,1,1,1,6,MERCADO DE YARINA,MERCADO DE YARINA->3
20804,1,1,1,1,4,MERCADO DE YAUTAN,MERCADO DE YAUTAN->2
240301,1,1,1,1,18,MERCADO DE ZARUMILLA,MERCADO DE ZARUMILLA->1
110401,1,1,1,1,15,MERCADO ELIANE KARP,MERCADO ELIANE KARP->2
150705,1,1,1,1,1,MERCADO EMBARCADERO,MERCADO EMBARCADERO->2
131203,1,1,1,1,2,MERCADO GUADALUPITO,MERCADO GUADALUPITO->2
50115,1,1,1,1,10,MERCADO JESUS NAZARENO,MERCADO JESUS NAZARENO->2
10401,1,1,1,1,5,MERCADO JUAN VELASCO,MERCADO JUAN VELASCO->3
210404,1,1,1,1,0,MERCADO KELLUYO,MERCADO KELLUYO->3
110508,1,1,1,1,17,MERCADO LA FRONTERA,MERCADO LA FRONTERA->3
211105,1,1,1,1,17,MERCADO LA REVOLUCION,MERCADO LA REVOLUCION->3
50405,1,1,1,1,2,MERCADO LURICOCHA,MERCADO LURICOCHA->2
30505,1,1,1,1,6,MERCADO MARA,MERCADO MARA->2
40303,1,1,1,1,5,MERCADO MODELO,MERCADO MODELO->2
130906,1,1,1,1,0,MERCADO MODELO,MERCADO MODELO->2
200201,1,1,1,1,4,MERCADO MODELO,MERCADO MODELO->2
21101,1,1,1,1,5,MERCADO MODELO,MERCADO MODELO->2
120204,1,1,1,1,1,MERCADO MODELO CHAMBARA,MERCADO MODELO CHAMBARA->2
50104,1,1,1,1,13,MERCADO MODELO DE CARMEN ALTO,MERCADO MODELO DE CARMEN ALTO->2
20401,1,1,1,1,1,MERCADO MODELO DE CHACAS,MERCADO MODELO DE CHACAS->2
140102,1,1,1,1,165,MERCADO MODELO DE CHONGOYAPE,MERCADO MODELO DE CHONGOYAPE->2
80704,1,1,1,1,2,MERCADO MODELO DE COLQUEMARCA,MERCADO MODELO DE COLQUEMARCA->2
120206,1,1,1,1,14,MERCADO MODELO DE COMAS,MERCADO MODELO DE COMAS->2
120501,1,1,1,1,6,MERCADO MODELO DE JUNIN,MERCADO MODELO DE JUNIN->2
190107,1,1,1,1,8,MERCADO MODELO DE PAUCARTAMBO,MERCADO MODELO DE PAUCARTAMBO->2
80605,1,1,1,1,6,MERCADO MODELO DE PITUMARCA,MERCADO MODELO DE PITUMARCA->2
140310,1,1,1,1,5,MERCADO MODELO DE SALAS,MERCADO MODELO DE SALAS->2
80708,1,1,1,1,18,MERCADO MODELO DE VELILLE,MERCADO MODELO DE VELILLE->2
60304,1,1,1,1,0,MERCADO MODELO EL TINGO,MERCADO MODELO EL TINGO->2
150701,1,1,1,1,5,MERCADO MODELO MUNICIPAL,MERCADO MODELO MUNICIPAL->3
20601,1,1,1,1,8,MERCADO MODELO MUNICIPAL CARHUAZ,MERCADO MODELO MUNICIPAL CARHUAZ->2
100207,1,1,1,1,4,MERCADO MODELO SAN RAFAEL,MERCADO MODELO SAN RAFAEL->2
51101,1,1,1,1,2,MERCADO MODELO VILCAS HUAMAN,MERCADO MODELO VILCAS HUAMAN->2
50701,1,1,1,1,7,MERCADO MUNICIPAL,MERCADO MUNICIPAL->3
80309,1,1,1,1,2,MERCADO MUNICIPAL,MERCADO MUNICIPAL->3
81303,1,1,1,1,4,MERCADO MUNICIPAL,MERCADO MUNICIPAL->2
22001,1,1,1,1,40,MERCADO MUNICIPAL,MERCADO MUNICIPAL->3
101002,1,1,1,1,2,MERCADO MUNICIPAL,MERCADO MUNICIPAL->2
101104,1,1,1,1,0,MERCADO MUNICIPAL,MERCADO MUNICIPAL->2
110507,1,1,1,1,30,MERCADO MUNICIPAL,MERCADO MUNICIPAL->2
130203,1,1,1,1,5,MERCADO MUNICIPAL,MERCADO MUNICIPAL->2
130601,1,1,1,1,10,MERCADO MUNICIPAL,MERCADO MUNICIPAL->2
130804,1,1,1,1,20,MERCADO MUNICIPAL,MERCADO MUNICIPAL->2
150301,1,1,1,1,2,MERCADO MUNICIPAL,MERCADO MUNICIPAL->2
21807,1,1,1,1,2,MERCADO MUNICIPAL,MERCADO MUNICIPAL->2
150906,1,1,1,1,3,MERCADO MUNICIPAL,MERCADO MUNICIPAL->2
151017,1,1,1,1,0,MERCADO MUNICIPAL,MERCADO MUNICIPAL->2
160103,1,1,1,1,4,MERCADO MUNICIPAL,MERCADO MUNICIPAL->2
160104,1,1,1,1,10,MERCADO MUNICIPAL,MERCADO MUNICIPAL->2
160501,1,1,1,1,41,MERCADO MUNICIPAL,MERCADO MUNICIPAL->1
21802,1,1,1,1,2,MERCADO MUNICIPAL,MERCADO MUNICIPAL->2
160510,1,1,1,1,3,MERCADO MUNICIPAL,MERCADO MUNICIPAL->2
160801,1,1,1,1,4,MERCADO MUNICIPAL,MERCADO MUNICIPAL->2
170201,1,1,1,1,2,MERCADO MUNICIPAL,MERCADO MUNICIPAL->2
200404,1,1,1,1,0,MERCADO MUNICIPAL,MERCADO MUNICIPAL->2
60508,1,1,1,1,2,MERCADO MUNICIPAL,MERCADO MUNICIPAL->2
200703,1,1,1,1,12,MERCADO MUNICIPAL,MERCADO MUNICIPAL->2
210102,1,1,1,1,2,MERCADO MUNICIPAL,MERCADO MUNICIPAL->2
210308,1,1,1,1,0,MERCADO MUNICIPAL,MERCADO MUNICIPAL->2
220303,1,1,1,1,4,MERCADO MUNICIPAL,MERCADO MUNICIPAL->2
250203,1,1,1,1,3,MERCADO MUNICIPAL,MERCADO MUNICIPAL->2
250302,1,1,1,1,2,MERCADO MUNICIPAL,MERCADO MUNICIPAL->2
40505,1,1,1,1,1,MERCADO MUNICIPAL CAYLLOMA,MERCADO MUNICIPAL CAYLLOMA->2
131101,1,1,1,1,20,MERCADO MUNICIPAL CENTRAL DE ABASTOS DE CASCAS,MERCADO MUNICIPAL CENTRAL DE ABASTOS DE CASCAS->2
20503,1,1,1,1,0,MERCADO MUNICIPAL DE ABASTO RAQUIA,MERCADO MUNICIPAL DE ABASTO RAQUIA->2
61101,1,1,1,1,25,MERCADO MUNICIPAL DE ABASTOS,MERCADO MUNICIPAL DE ABASTOS->3
131002,1,1,1,1,0,MERCADO MUNICIPAL DE ABASTOS DE ANGASMARCA,MERCADO MUNICIPAL DE ABASTOS DE ANGASMARCA->2
21501,1,1,1,1,0,MERCADO MUNICIPAL DE ABASTOS MANUEL AREVALO,MERCADO MUNICIPAL DE ABASTOS MANUEL AREVALO->2
120702,1,1,1,1,6,MERCADO MUNICIPAL DE ACOBAMBA,MERCADO MUNICIPAL DE ACOBAMBA->1
20402,1,1,1,1,1,MERCADO MUNICIPAL DE ACOCHACA,MERCADO MUNICIPAL DE ACOCHACA->2
140205,1,1,1,1,20,MERCADO MUNICIPAL DE BATAN GRANDE,MERCADO MUNICIPAL DE BATAN GRANDE->2
130301,1,1,1,1,1,MERCADO MUNICIPAL DE BOLIVAR,MERCADO MUNICIPAL DE BOLIVAR->2
50603,1,1,1,1,1,MERCADO MUNICIPAL DE CABANA,MERCADO MUNICIPAL DE CABANA->2
60202,1,1,1,1,0,MERCADO MUNICIPAL DE CACHACHI,MERCADO MUNICIPAL DE CACHACHI->2
50604,1,1,1,1,0,MERCADO MUNICIPAL DE CARMEN SALCEDO,MERCADO MUNICIPAL DE CARMEN SALCEDO->2
150504,1,1,1,1,4,MERCADO MUNICIPAL DE CERRO AZUL,MERCADO MUNICIPAL DE CERRO AZUL->2
20501,1,1,1,1,9,MERCADO MUNICIPAL DE CHIQUIAN,MERCADO MUNICIPAL DE CHIQUIAN->2
40801,1,1,1,1,0,MERCADO MUNICIPAL DE COTAHUASI,MERCADO MUNICIPAL DE COTAHUASI->2
20508,1,1,1,1,30,MERCADO MUNICIPAL DE HUALLANCA,MERCADO MUNICIPAL DE HUALLANCA->2
200304,1,1,1,1,0,MERCADO MUNICIPAL DE HUARMACA,MERCADO MUNICIPAL DE HUARMACA->2
21204,1,1,1,1,1,MERCADO MUNICIPAL DE HUAYLAS,MERCADO MUNICIPAL DE HUAYLAS->2
160403,1,1,1,1,15,MERCADO MUNICIPAL DE ISLANDIA,MERCADO MUNICIPAL DE ISLANDIA->2
220909,1,1,1,1,15,MERCADO MUNICIPAL DE LA BANDA DE SHILCAYO,MERCADO MUNICIPAL DE LA BANDA DE SHILCAYO->2
22003,1,1,1,1,0,MERCADO MUNICIPAL DE MANCOS,MERCADO MUNICIPAL DE MANCOS->2
60110,1,1,1,1,10,MERCADO MUNICIPAL DE MATARA,MERCADO MUNICIPAL DE MATARA->2
21205,1,1,1,1,1,MERCADO MUNICIPAL DE MATO,MERCADO MUNICIPAL DE MATO->2
160106,1,1,1,1,4,MERCADO MUNICIPAL DE MAZAN,MERCADO MUNICIPAL DE MAZAN->2
160301,1,1,1,1,26,MERCADO MUNICIPAL DE NAUTA,MERCADO MUNICIPAL DE NAUTA->3
21206,1,1,1,1,0,MERCADO MUNICIPAL DE PAMPAROMAS,MERCADO MUNICIPAL DE PAMPAROMAS->2
160402,1,1,1,1,6,MERCADO MUNICIPAL DE PEBAS,MERCADO MUNICIPAL DE PEBAS->2
220701,1,1,1,1,9,MERCADO MUNICIPAL DE PICOTA,MERCADO MUNICIPAL DE PICOTA->2
100901,1,1,1,1,0,MERCADO MUNICIPAL DE PUERTO INCA,MERCADO MUNICIPAL DE PUERTO INCA->2
150127,1,1,1,1,6,MERCADO MUNICIPAL DE PUNTA NEGRA,MERCADO MUNICIPAL DE PUNTA NEGRA->2
100317,1,1,1,1,7,MERCADO MUNICIPAL DE RIPAN,MERCADO MUNICIPAL DE RIPAN->3
130110,1,1,1,1,3,MERCADO MUNICIPAL DE SIMBAL,MERCADO MUNICIPAL DE SIMBAL->2
120709,1,1,1,1,0,MERCADO MUNICIPAL DE TAPO,MERCADO MUNICIPAL DE TAPO->2
120909,1,1,1,1,2,MERCADO MUNICIPAL DE YANACANCHA,MERCADO MUNICIPAL DE YANACANCHA->2
211208,1,1,1,1,3,MERCADO MUNICIPAL DE YANAHUAYA,MERCADO MUNICIPAL DE YANAHUAYA->2
120810,1,1,1,1,4,MERCADO MUNICIPAL DE YAULI,MERCADO MUNICIPAL DE YAULI->2
151001,1,1,1,1,0,MERCADO MUNICIPAL DE YAUYOS,MERCADO MUNICIPAL DE YAUYOS->2
20112,1,1,1,1,2,MERCADO MUNICIPAL DEL DISTRITO DE TARICA,MERCADO MUNICIPAL DEL DISTRITO DE TARICA->2
240203,1,1,1,1,3,MERCADO MUNICIPAL IRMA CHAVEZ CRIOLLO,MERCADO MUNICIPAL IRMA CHAVEZ CRIOLLO->2
30216,1,1,1,1,32,MERCADO MUNICIPAL NUESTRA SEÑORA DEL PRADO,MERCADO MUNICIPAL NUESTRA SEÑORA DEL PRADO->2
210503,1,1,1,1,0,MERCADO MUNICIPAL PILCUYO,MERCADO MUNICIPAL PILCUYO->3
130808,1,1,1,1,4,MERCADO MUNICIPAL RETAMAS,MERCADO MUNICIPAL RETAMAS->2
150131,1,1,1,1,9,MERCADO MUNICIPAL SAN ISIDRO,MERCADO MUNICIPAL SAN ISIDRO->2
151026,1,1,1,1,0,MERCADO MUNICIPAL SAN JOAQUIN,MERCADO MUNICIPAL SAN JOAQUIN->2
20507,1,1,1,1,0,MERCADO MUNICIPAL SANTA ROSA,MERCADO MUNICIPAL SANTA ROSA->2
60111,1,1,1,1,23,MERCADO MUNICIPAL SANTIAGO HUACCHA CERQUIN,MERCADO MUNICIPAL SANTIAGO HUACCHA CERQUIN->2
140304,1,1,1,1,26,MERCADO MUNICIPAL VICTOR RAUL HAYA DE LA TORRE,MERCADO MUNICIPAL VICTOR RAUL HAYA DE LA TORRE->2
20607,1,1,1,1,1,MERCADO MUNICIPAL VIRGEN DE GUADALUPE,MERCADO MUNICIPAL VIRGEN DE GUADALUPE->2
240201,1,1,1,1,11,MERCADO MUNICIPAL ZORRITOS,MERCADO MUNICIPAL ZORRITOS->3
61001,1,1,1,1,15,MERCADO PEDRO ACOSTA PAREDES,MERCADO PEDRO ACOSTA PAREDES->2
140118,1,1,1,1,19,MERCADO POMALCA,MERCADO POMALCA->2
130206,1,1,1,1,4,MERCADO PUERTO MALABRIGO,MERCADO PUERTO MALABRIGO->2
151025,1,1,1,1,0,MERCADO QUINOCAY,MERCADO QUINOCAY->2
120129,1,1,1,1,2,MERCADO SAN AGUSTIN DE CAJAS,MERCADO SAN AGUSTIN DE CAJAS->2
130812,1,1,1,1,0,MERCADO SAN ANTONIO,MERCADO SAN ANTONIO->2
50503,1,1,1,1,8,MERCADO SAN FRANCISCO,MERCADO SAN FRANCISCO->3
50116,1,1,1,1,24,MERCADO SAN JOSE,MERCADO SAN JOSE->3
40204,1,1,1,1,1,MERCADO SAN JOSE,MERCADO SAN JOSE->2
170103,1,1,1,1,0,MERCADO SAN JOSE EL TRIUNFO,MERCADO SAN JOSE EL TRIUNFO->2
60607,1,1,1,1,20,MERCADO SAN JUAN BAUTISTA DE QUEROCOTILLO,MERCADO SAN JUAN BAUTISTA DE QUEROCOTILLO->2
150126,1,1,1,1,5,MERCADO SAN MARTIN DE PORRES,MERCADO SAN MARTIN DE PORRES->2
120119,1,1,1,1,2,MERCADO SAN SEBASTIAN,MERCADO SAN SEBASTIAN->2
150714,1,1,1,1,0,MERCADO SANTA ANA,MERCADO SANTA ANA->2
160404,1,1,1,1,3,MERCADO SANTA ROSA,MERCADO SANTA ROSA->2
230408,1,1,1,1,0,MERCADO SANTA ROSA DE TICACO,MERCADO SANTA ROSA DE TICACO->2
110504,1,1,1,1,6,MERCADO SANTIAGO PEREZ ORTIZ,MERCADO SANTIAGO PEREZ ORTIZ->2
190109,1,1,1,1,3,MERCADO SEÑOR DE EXALTACION,MERCADO SEÑOR DE EXALTACION->2
190103,1,1,1,1,2,MERCADO SEÑOR DE LOS MILAGROS,MERCADO SEÑOR DE LOS MILAGROS->2
50301,1,1,1,1,1,MERCADO SEÑOR DE LOS MILAGROS HUANCASANCOS,MERCADO SEÑOR DE LOS MILAGROS HUANCASANCOS->2
30501,1,1,1,1,5,MERCADO TAMBOBAMBA,MERCADO TAMBOBAMBA->2
30712,1,1,1,1,0,MERCADO VILCABAMBA,MERCADO VILCABAMBA->2
50108,1,1,1,1,0,MERCADO VIRGEN DE COCHARCAS,MERCADO VIRGEN DE COCHARCAS->2
180204,1,1,1,1,2,MERCADO VIRGEN DE COPACABANA,MERCADO VIRGEN DE COPACABANA->2
211201,1,1,1,1,8,MERCADO VIRGEN DE LA CANDELARIA,MERCADO VIRGEN DE LA CANDELARIA->2
40515,1,1,1,1,0,MERCADO VIRGEN DE LOURDES,MERCADO VIRGEN DE LOURDES->2
120215,1,1,1,1,1,MERCADO VIRGEN DE OCOPA,MERCADO VIRGEN DE OCOPA->2
70105,1,1,1,1,5,MERCADO VIRGEN DEL CARMEN,MERCADO VIRGEN DEL CARMEN->2
190201,1,1,1,1,1,MERCADO YANAHUANCA,MERCADO YANAHUANCA->2
220904,1,1,1,1,3,MERCADO ZONAL DE CHAZUTA,MERCADO ZONAL DE CHAZUTA->2
200115,1,1,1,1,153,MERCADO ZONAL DE SAN MARTIN,MERCADO ZONAL DE SAN MARTIN->2
81210,1,1,1,1,18,MODELO - OCONGATE,MODELO - OCONGATE->3
170203,1,1,1,1,2,MODELO SALVACION,MODELO SALVACION->2
220301,1,1,1,1,11,MODERNO MERCADO PROVINCIAL DE SAN JOSE DE SISA,MODERNO MERCADO PROVINCIAL DE SAN JOSE DE SISA->2
120418,1,1,1,1,0,MOLINOS,MOLINOS->2
81103,1,1,1,1,1,MULTIUSOS CHALLABAMBA,MULTIUSOS CHALLABAMBA->2
40702,1,1,1,1,6,MUNICIPAL DE ABASTOS,MUNICIPAL DE ABASTOS->3
130403,1,1,1,1,10,MUNICIPAL DE PUEBLO NUEVO,MUNICIPAL DE PUEBLO NUEVO->2
81001,1,1,1,1,10,PARURO,PARURO->3
90301,1,1,1,1,23,QATUN TAMBO ANQARA,QATUN TAMBO ANQARA->2
30109,1,1,1,1,10,SEÑOR DE CCOYLLORITI,SEÑOR DE CCOYLLORITI->2
40706,1,1,1,1,8,SEÑOR DE LOS MILAGROS,SEÑOR DE LOS MILAGROS->2
40703,1,1,1,1,0,SIN  NOMBRE,SIN  NOMBRE->2
220809,1,1,1,1,3,SIN NOMBRE,SIN NOMBRE->2
40705,1,1,1,1,2,SUPERMARKET MEJIA,SUPERMARKET MEJIA->2
81101,1,1,1,1,14,UNIDOS PAUCARTAMBO,UNIDOS PAUCARTAMBO->3
81201,1,1,1,1,10,UNIDOS VIRGEN ASUNTA,UNIDOS VIRGEN ASUNTA->2
40704,1,1,1,1,7,VIRGEN DE COPACABANA,VIRGEN DE COPACABANA->2
90705,1,1,1,1,2,VIRGEN DE LAS MERCEDES,VIRGEN DE LAS MERCEDES->2
80308,1,1,1,1,10,VIRGEN DEL CARMEN,VIRGEN DEL CARMEN->3
40208,1,1,1,1,2,VIRGEN DEL CARMEN,VIRGEN DEL CARMEN->2
81202,1,1,1,1,3,VIRGEN DOLOROSA,VIRGEN DOLOROSA->3
90703,1,1,1,1,3,VIRGEN MARIA INMACULADA DE ACRAQUIA,VIRGEN MARIA INMACULADA DE ACRAQUIA->2
21103,0,0,0,0,0,,
21305,0,0,0,0,0,,
21405,0,0,0,0,0,,
21903,0,0,0,0,0,,
30709,0,0,0,0,0,,
40115,0,0,0,0,0,,
40306,0,0,0,0,0,,
40308,0,0,0,0,0,,
40403,0,0,0,0,0,,
40404,0,0,0,0,0,,
40410,0,0,0,0,0,,
40411,0,0,0,0,0,,
40516,0,0,0,0,0,,
50109,0,0,0,0,0,,
50511,0,0,0,0,0,,
60811,0,0,0,0,0,,
60903,0,0,0,0,0,,
60904,0,0,0,0,0,,
60905,0,0,0,0,0,,
60906,0,0,0,0,0,,
60907,0,0,0,0,0,,
61002,0,0,0,0,0,,
61003,0,0,0,0,0,,
61004,0,0,0,0,0,,
61005,0,0,0,0,0,,
61006,0,0,0,0,0,,
61007,0,0,0,0,0,,
61102,0,0,0,0,0,,
61103,0,0,0,0,0,,
61104,0,0,0,0,0,,
61105,0,0,0,0,0,,
61106,0,0,0,0,0,,
61107,0,0,0,0,0,,
61108,0,0,0,0,0,,
61110,0,0,0,0,0,,
61111,0,0,0,0,0,,
61112,0,0,0,0,0,,
61113,0,0,0,0,0,,
61202,0,0,0,0,0,,
61203,0,0,0,0,0,,
61204,0,0,0,0,0,,
61302,0,0,0,0,0,,
61303,0,0,0,0,0,,
61304,0,0,0,0,0,,
61305,0,0,0,0,0,,
61306,0,0,0,0,0,,
61307,0,0,0,0,0,,
61308,0,0,0,0,0,,
61309,0,0,0,0,0,,
61310,0,0,0,0,0,,
80102,0,0,0,0,0,,
80103,0,0,0,0,0,,
80107,0,0,0,0,0,,
80202,0,0,0,0,0,,
10403,0,0,0,0,0,,
10510,0,0,0,0,0,,
20108,0,0,0,0,0,,
20306,0,0,0,0,0,,
21010,0,0,0,0,0,,
21011,0,0,0,0,0,,
21404,0,0,0,0,0,,
21503,0,0,0,0,0,,
21604,0,0,0,0,0,,
21706,0,0,0,0,0,,
21707,0,0,0,0,0,,
30407,0,0,0,0,0,,
30608,0,0,0,0,0,,
30711,0,0,0,0,0,,
40509,0,0,0,0,0,,
40806,0,0,0,0,0,,
50204,0,0,0,0,0,,
50505,0,0,0,0,0,,
50606,0,0,0,0,0,,
50612,0,0,0,0,0,,
50704,0,0,0,0,0,,
50705,0,0,0,0,0,,
50706,0,0,0,0,0,,
51005,0,0,0,0,0,,
51007,0,0,0,0,0,,
51009,0,0,0,0,0,,
51104,0,0,0,0,0,,
51106,0,0,0,0,0,,
51108,0,0,0,0,0,,
60108,0,0,0,0,0,,
60311,0,0,0,0,0,,
60402,0,0,0,0,0,,
80203,0,0,0,0,0,,
80204,0,0,0,0,0,,
80206,0,0,0,0,0,,
80207,0,0,0,0,0,,
80302,0,0,0,0,0,,
80303,0,0,0,0,0,,
80304,0,0,0,0,0,,
80305,0,0,0,0,0,,
80306,0,0,0,0,0,,
80307,0,0,0,0,0,,
80403,0,0,0,0,0,,
80404,0,0,0,0,0,,
80406,0,0,0,0,0,,
80407,0,0,0,0,0,,
80408,0,0,0,0,0,,
80501,0,0,0,0,0,,
80502,0,0,0,0,0,,
80503,0,0,0,0,0,,
80505,0,0,0,0,0,,
80506,0,0,0,0,0,,
80507,0,0,0,0,0,,
80508,0,0,0,0,0,,
80602,0,0,0,0,0,,
80606,0,0,0,0,0,,
80607,0,0,0,0,0,,
80608,0,0,0,0,0,,
80702,0,0,0,0,0,,
80703,0,0,0,0,0,,
80705,0,0,0,0,0,,
80706,0,0,0,0,0,,
80707,0,0,0,0,0,,
80802,0,0,0,0,0,,
80803,0,0,0,0,0,,
80804,0,0,0,0,0,,
80805,0,0,0,0,0,,
80806,0,0,0,0,0,,
80807,0,0,0,0,0,,
80808,0,0,0,0,0,,
80905,0,0,0,0,0,,
80909,0,0,0,0,0,,
80911,0,0,0,0,0,,
80912,0,0,0,0,0,,
80913,0,0,0,0,0,,
80914,0,0,0,0,0,,
81002,0,0,0,0,0,,
81003,0,0,0,0,0,,
81004,0,0,0,0,0,,
81005,0,0,0,0,0,,
81006,0,0,0,0,0,,
81007,0,0,0,0,0,,
81008,0,0,0,0,0,,
81009,0,0,0,0,0,,
81102,0,0,0,0,0,,
81104,0,0,0,0,0,,
81105,0,0,0,0,0,,
81204,0,0,0,0,0,,
81205,0,0,0,0,0,,
81207,0,0,0,0,0,,
81209,0,0,0,0,0,,
81211,0,0,0,0,0,,
81302,0,0,0,0,0,,
81305,0,0,0,0,0,,
90102,0,0,0,0,0,,
90103,0,0,0,0,0,,
90104,0,0,0,0,0,,
90105,0,0,0,0,0,,
90106,0,0,0,0,0,,
90107,0,0,0,0,0,,
90108,0,0,0,0,0,,
90109,0,0,0,0,0,,
90110,0,0,0,0,0,,
90111,0,0,0,0,0,,
90113,0,0,0,0,0,,
90114,0,0,0,0,0,,
90115,0,0,0,0,0,,
21603,0,0,0,0,0,,
30205,0,0,0,0,0,,
30603,0,0,0,0,0,,
40301,0,0,0,0,0,,
40510,0,0,0,0,0,,
40602,0,0,0,0,0,,
40606,0,0,0,0,0,,
50106,0,0,0,0,0,,
50107,0,0,0,0,0,,
50114,0,0,0,0,0,,
50203,0,0,0,0,0,,
50605,0,0,0,0,0,,
60306,0,0,0,0,0,,
60505,0,0,0,0,0,,
60506,0,0,0,0,0,,
60702,0,0,0,0,0,,
90116,0,0,0,0,0,,
90117,0,0,0,0,0,,
90118,0,0,0,0,0,,
90119,0,0,0,0,0,,
90202,0,0,0,0,0,,
90203,0,0,0,0,0,,
90204,0,0,0,0,0,,
90205,0,0,0,0,0,,
90207,0,0,0,0,0,,
90208,0,0,0,0,0,,
90302,0,0,0,0,0,,
90303,0,0,0,0,0,,
90304,0,0,0,0,0,,
90305,0,0,0,0,0,,
90306,0,0,0,0,0,,
90307,0,0,0,0,0,,
90308,0,0,0,0,0,,
90309,0,0,0,0,0,,
90310,0,0,0,0,0,,
90311,0,0,0,0,0,,
90312,0,0,0,0,0,,
90402,0,0,0,0,0,,
90403,0,0,0,0,0,,
90404,0,0,0,0,0,,
90405,0,0,0,0,0,,
90406,0,0,0,0,0,,
90407,0,0,0,0,0,,
90408,0,0,0,0,0,,
90409,0,0,0,0,0,,
90410,0,0,0,0,0,,
90411,0,0,0,0,0,,
90412,0,0,0,0,0,,
90413,0,0,0,0,0,,
90502,0,0,0,0,0,,
90503,0,0,0,0,0,,
90504,0,0,0,0,0,,
90505,0,0,0,0,0,,
90506,0,0,0,0,0,,
90507,0,0,0,0,0,,
90508,0,0,0,0,0,,
90509,0,0,0,0,0,,
90510,0,0,0,0,0,,
90511,0,0,0,0,0,,
90601,0,0,0,0,0,,
90602,0,0,0,0,0,,
90603,0,0,0,0,0,,
90604,0,0,0,0,0,,
90605,0,0,0,0,0,,
90606,0,0,0,0,0,,
90607,0,0,0,0,0,,
90608,0,0,0,0,0,,
90609,0,0,0,0,0,,
90610,0,0,0,0,0,,
90611,0,0,0,0,0,,
90612,0,0,0,0,0,,
90613,0,0,0,0,0,,
90614,0,0,0,0,0,,
10513,0,0,0,0,0,,
10602,0,0,0,0,0,,
10605,0,0,0,0,0,,
20107,0,0,0,0,0,,
20203,0,0,0,0,0,,
20205,0,0,0,0,0,,
20301,0,0,0,0,0,,
20703,0,0,0,0,0,,
20803,0,0,0,0,0,,
21301,0,0,0,0,0,,
21304,0,0,0,0,0,,
21505,0,0,0,0,0,,
21904,0,0,0,0,0,,
30202,0,0,0,0,0,,
30609,0,0,0,0,0,,
40302,0,0,0,0,0,,
50607,0,0,0,0,0,,
51003,0,0,0,0,0,,
51105,0,0,0,0,0,,
60411,0,0,0,0,0,,
60613,0,0,0,0,0,,
60803,0,0,0,0,0,,
60805,0,0,0,0,0,,
90615,0,0,0,0,0,,
90616,0,0,0,0,0,,
90701,0,0,0,0,0,,
90702,0,0,0,0,0,,
90704,0,0,0,0,0,,
90706,0,0,0,0,0,,
90707,0,0,0,0,0,,
90709,0,0,0,0,0,,
90710,0,0,0,0,0,,
90711,0,0,0,0,0,,
90713,0,0,0,0,0,,
90714,0,0,0,0,0,,
90715,0,0,0,0,0,,
90716,0,0,0,0,0,,
90717,0,0,0,0,0,,
90718,0,0,0,0,0,,
90719,0,0,0,0,0,,
90720,0,0,0,0,0,,
90721,0,0,0,0,0,,
90722,0,0,0,0,0,,
90723,0,0,0,0,0,,
100104,0,0,0,0,0,,
100105,0,0,0,0,0,,
100106,0,0,0,0,0,,
100107,0,0,0,0,0,,
100108,0,0,0,0,0,,
100110,0,0,0,0,0,,
100112,0,0,0,0,0,,
100113,0,0,0,0,0,,
100202,0,0,0,0,0,,
100203,0,0,0,0,0,,
100204,0,0,0,0,0,,
100205,0,0,0,0,0,,
100206,0,0,0,0,0,,
100208,0,0,0,0,0,,
100301,0,0,0,0,0,,
100307,0,0,0,0,0,,
100311,0,0,0,0,0,,
100313,0,0,0,0,0,,
100316,0,0,0,0,0,,
100321,0,0,0,0,0,,
100322,0,0,0,0,0,,
100323,0,0,0,0,0,,
100401,0,0,0,0,0,,
100402,0,0,0,0,0,,
100403,0,0,0,0,0,,
100404,0,0,0,0,0,,
100502,0,0,0,0,0,,
100503,0,0,0,0,0,,
100504,0,0,0,0,0,,
100505,0,0,0,0,0,,
100506,0,0,0,0,0,,
100507,0,0,0,0,0,,
100508,0,0,0,0,0,,
100509,0,0,0,0,0,,
100510,0,0,0,0,0,,
100511,0,0,0,0,0,,
100602,0,0,0,0,0,,
100603,0,0,0,0,0,,
10522,0,0,0,0,0,,
20901,0,0,0,0,0,,
21509,0,0,0,0,0,,
50303,0,0,0,0,0,,
50410,0,0,0,0,0,,
50411,0,0,0,0,0,,
50412,0,0,0,0,0,,
50510,0,0,0,0,0,,
50611,0,0,0,0,0,,
50703,0,0,0,0,0,,
50707,0,0,0,0,0,,
51012,0,0,0,0,0,,
51102,0,0,0,0,0,,
60412,0,0,0,0,0,,
60504,0,0,0,0,0,,
60507,0,0,0,0,0,,
100605,0,0,0,0,0,,
100606,0,0,0,0,0,,
100607,0,0,0,0,0,,
100608,0,0,0,0,0,,
100609,0,0,0,0,0,,
100610,0,0,0,0,0,,
100702,0,0,0,0,0,,
100703,0,0,0,0,0,,
100705,0,0,0,0,0,,
100803,0,0,0,0,0,,
100804,0,0,0,0,0,,
100902,0,0,0,0,0,,
100903,0,0,0,0,0,,
100904,0,0,0,0,0,,
100905,0,0,0,0,0,,
101001,0,0,0,0,0,,
101003,0,0,0,0,0,,
101004,0,0,0,0,0,,
101005,0,0,0,0,0,,
101006,0,0,0,0,0,,
101007,0,0,0,0,0,,
101101,0,0,0,0,0,,
101102,0,0,0,0,0,,
101103,0,0,0,0,0,,
101105,0,0,0,0,0,,
101106,0,0,0,0,0,,
101107,0,0,0,0,0,,
101108,0,0,0,0,0,,
110103,0,0,0,0,0,,
110104,0,0,0,0,0,,
110105,0,0,0,0,0,,
110107,0,0,0,0,0,,
110108,0,0,0,0,0,,
110109,0,0,0,0,0,,
110110,0,0,0,0,0,,
110111,0,0,0,0,0,,
110112,0,0,0,0,0,,
110113,0,0,0,0,0,,
110114,0,0,0,0,0,,
110202,0,0,0,0,0,,
110203,0,0,0,0,0,,
110204,0,0,0,0,0,,
110205,0,0,0,0,0,,
110206,0,0,0,0,0,,
110208,0,0,0,0,0,,
110209,0,0,0,0,0,,
110210,0,0,0,0,0,,
110211,0,0,0,0,0,,
110302,0,0,0,0,0,,
110303,0,0,0,0,0,,
110402,0,0,0,0,0,,
110403,0,0,0,0,0,,
110404,0,0,0,0,0,,
110405,0,0,0,0,0,,
110502,0,0,0,0,0,,
110503,0,0,0,0,0,,
110505,0,0,0,0,0,,
110506,0,0,0,0,0,,
120104,0,0,0,0,0,,
120105,0,0,0,0,0,,
120106,0,0,0,0,0,,
120108,0,0,0,0,0,,
120111,0,0,0,0,0,,
120112,0,0,0,0,0,,
120113,0,0,0,0,0,,
120116,0,0,0,0,0,,
120120,0,0,0,0,0,,
120122,0,0,0,0,0,,
20506,0,0,0,0,0,,
20702,0,0,0,0,0,,
20903,1,1,1,0,0,,
21406,0,0,0,0,0,,
21409,0,0,0,0,0,,
21507,0,0,0,0,0,,
21705,0,0,0,0,0,,
30405,0,0,0,0,0,,
30408,0,0,0,0,0,,
30409,0,0,0,0,0,,
30410,0,0,0,0,0,,
30713,0,0,0,0,0,,
30714,0,0,0,0,0,,
40116,0,0,0,0,0,,
40117,0,0,0,0,0,,
40118,0,0,0,0,0,,
40119,0,0,0,0,0,,
40309,0,0,0,0,0,,
40312,0,0,0,0,0,,
40313,0,0,0,0,0,,
40405,0,0,0,0,0,,
40414,0,0,0,0,0,,
40502,0,0,0,0,0,,
40503,0,0,0,0,0,,
40504,0,0,0,0,0,,
40601,0,0,0,0,0,,
40605,0,0,0,0,0,,
40607,0,0,0,0,0,,
40802,0,0,0,0,0,,
40807,0,0,0,0,0,,
40809,1,1,1,0,0,,
50620,0,0,0,0,0,,
50708,0,0,0,0,0,,
60104,0,0,0,0,0,,
60404,0,0,0,0,0,,
60414,0,0,0,0,0,,
120124,0,0,0,0,0,,
120126,0,0,0,0,0,,
120127,0,0,0,0,0,,
120128,0,0,0,0,0,,
120130,0,0,0,0,0,,
120134,0,0,0,0,0,,
120135,0,0,0,0,0,,
120202,0,0,0,0,0,,
120203,0,0,0,0,0,,
120205,0,0,0,0,0,,
120207,0,0,0,0,0,,
120208,0,0,0,0,0,,
120209,0,0,0,0,0,,
120211,0,0,0,0,0,,
120212,0,0,0,0,0,,
120213,0,0,0,0,0,,
120214,0,0,0,0,0,,
120304,0,0,0,0,0,,
120306,0,0,0,0,0,,
120402,0,0,0,0,0,,
120403,0,0,0,0,0,,
120404,0,0,0,0,0,,
120405,0,0,0,0,0,,
120406,0,0,0,0,0,,
120407,0,0,0,0,0,,
120408,0,0,0,0,0,,
120409,0,0,0,0,0,,
120410,0,0,0,0,0,,
120411,0,0,0,0,0,,
120412,0,0,0,0,0,,
120413,0,0,0,0,0,,
120414,0,0,0,0,0,,
120415,0,0,0,0,0,,
120416,0,0,0,0,0,,
120417,0,0,0,0,0,,
120419,0,0,0,0,0,,
120420,0,0,0,0,0,,
120421,0,0,0,0,0,,
120422,0,0,0,0,0,,
120423,0,0,0,0,0,,
120424,0,0,0,0,0,,
120425,0,0,0,0,0,,
120426,0,0,0,0,0,,
120427,0,0,0,0,0,,
120428,0,0,0,0,0,,
120429,0,0,0,0,0,,
120430,0,0,0,0,0,,
120431,0,0,0,0,0,,
120432,0,0,0,0,0,,
120433,0,0,0,0,0,,
120434,0,0,0,0,0,,
120503,0,0,0,0,0,,
10302,0,0,0,0,0,,
10518,0,0,0,0,0,,
10606,0,0,0,0,0,,
20103,0,0,0,0,0,,
20906,0,0,0,0,0,,
60604,0,0,0,0,0,,
10611,0,0,0,0,0,,
20512,0,0,0,0,0,,
21012,0,0,0,0,0,,
21302,0,0,0,0,0,,
21502,0,0,0,0,0,,
21703,0,0,0,0,0,,
21704,1,1,1,0,0,,
22007,0,0,0,0,0,,
30102,0,0,0,0,0,,
30105,0,0,0,0,0,,
30212,0,0,0,0,0,,
30305,0,0,0,0,0,,
30611,0,0,0,0,0,,
30702,0,0,0,0,0,,
30705,0,0,0,0,0,,
30706,0,0,0,0,0,,
40111,0,0,0,0,0,,
40120,0,0,0,0,0,,
40304,0,0,0,0,0,,
40402,0,0,0,0,0,,
40506,0,0,0,0,0,,
40804,0,0,0,0,0,,
40805,0,0,0,0,0,,
50404,0,0,0,0,0,,
50613,0,0,0,0,0,,
50617,0,0,0,0,0,,
50619,0,0,0,0,0,,
50802,0,0,0,0,0,,
60608,0,0,0,0,0,,
60612,0,0,0,0,0,,
60615,0,0,0,0,0,,
60804,0,0,0,0,0,,
120504,0,0,0,0,0,,
120602,0,0,0,0,0,,
120603,0,0,0,0,0,,
120605,0,0,0,0,0,,
120608,0,0,0,0,0,,
120609,0,0,0,0,0,,
120703,0,0,0,0,0,,
120705,0,0,0,0,0,,
120706,0,0,0,0,0,,
120707,0,0,0,0,0,,
120708,0,0,0,0,0,,
120802,0,0,0,0,0,,
120803,0,0,0,0,0,,
120804,0,0,0,0,0,,
120806,0,0,0,0,0,,
120807,0,0,0,0,0,,
120809,0,0,0,0,0,,
120902,0,0,0,0,0,,
120903,0,0,0,0,0,,
120904,0,0,0,0,0,,
120905,0,0,0,0,0,,
120906,0,0,0,0,0,,
120907,0,0,0,0,0,,
120908,0,0,0,0,0,,
130204,0,0,0,0,0,,
130302,0,0,0,0,0,,
130303,0,0,0,0,0,,
130304,0,0,0,0,0,,
130305,0,0,0,0,0,,
40124,0,0,0,0,0,,
40406,0,0,0,0,0,,
60806,0,0,0,0,0,,
60810,0,0,0,0,0,,
130306,0,0,0,0,0,,
130501,0,0,0,0,0,,
130502,0,0,0,0,0,,
130503,0,0,0,0,0,,
130504,0,0,0,0,0,,
130602,0,0,0,0,0,,
130604,0,0,0,0,0,,
130605,0,0,0,0,0,,
130606,0,0,0,0,0,,
130608,0,0,0,0,0,,
130610,0,0,0,0,0,,
130611,0,0,0,0,0,,
130613,0,0,0,0,0,,
130614,0,0,0,0,0,,
130802,0,0,0,0,0,,
130805,0,0,0,0,0,,
130806,0,0,0,0,0,,
130807,0,0,0,0,0,,
130809,0,0,0,0,0,,
130810,0,0,0,0,0,,
130811,0,0,0,0,0,,
130813,0,0,0,0,0,,
130902,0,0,0,0,0,,
130903,0,0,0,0,0,,
130905,0,0,0,0,0,,
130907,0,0,0,0,0,,
130908,0,0,0,0,0,,
131004,0,0,0,0,0,,
131005,0,0,0,0,0,,
131007,0,0,0,0,0,,
131008,0,0,0,0,0,,
131102,0,0,0,0,0,,
131103,0,0,0,0,0,,
131104,0,0,0,0,0,,
140104,0,0,0,0,0,,
140109,0,0,0,0,0,,
140111,0,0,0,0,0,,
140202,0,0,0,0,0,,
140203,0,0,0,0,0,,
140204,0,0,0,0,0,,
140206,0,0,0,0,0,,
140302,0,0,0,0,0,,
20509,0,0,0,0,0,,
21511,0,0,0,0,0,,
21710,0,0,0,0,0,,
30708,0,0,0,0,0,,
30710,0,0,0,0,0,,
40311,0,0,0,0,0,,
50702,0,0,0,0,0,,
50803,0,0,0,0,0,,
50804,0,0,0,0,0,,
60201,0,0,0,0,0,,
150138,0,0,0,0,0,,
150302,0,0,0,0,0,,
150303,0,0,0,0,0,,
150304,0,0,0,0,0,,
20109,0,0,0,0,0,,
20802,0,0,0,0,0,,
21009,0,0,0,0,0,,
21104,0,0,0,0,0,,
21804,0,0,0,0,0,,
40114,0,0,0,0,0,,
50602,0,0,0,0,0,,
50805,0,0,0,0,0,,
150305,0,0,0,0,0,,
150402,0,0,0,0,0,,
150403,0,0,0,0,0,,
150404,0,0,0,0,0,,
150405,0,0,0,0,0,,
150406,0,0,0,0,0,,
150407,0,0,0,0,0,,
150502,0,0,0,0,0,,
150503,0,0,0,0,0,,
150506,0,0,0,0,0,,
150508,0,0,0,0,0,,
150511,0,0,0,0,0,,
150515,0,0,0,0,0,,
150516,0,0,0,0,0,,
150602,0,0,0,0,0,,
150603,0,0,0,0,0,,
150604,0,0,0,0,0,,
150606,0,0,0,0,0,,
10502,0,0,0,0,0,,
10511,0,0,0,0,0,,
20104,0,0,0,0,0,,
20304,0,0,0,0,0,,
20505,0,0,0,0,0,,
20609,0,0,0,0,0,,
21004,0,0,0,0,0,,
21016,0,0,0,0,0,,
21308,0,0,0,0,0,,
21407,0,0,0,0,0,,
30402,0,0,0,0,0,,
30406,0,0,0,0,0,,
30411,0,0,0,0,0,,
30704,0,0,0,0,0,,
40106,0,0,0,0,0,,
40512,0,0,0,0,0,,
40514,0,0,0,0,0,,
40517,0,0,0,0,0,,
40519,0,0,0,0,0,,
50610,0,0,0,0,0,,
50614,0,0,0,0,0,,
50615,0,0,0,0,0,,
51008,0,0,0,0,0,,
60203,0,0,0,0,0,,
60204,0,0,0,0,0,,
60302,0,0,0,0,0,,
60408,0,0,0,0,0,,
60416,0,0,0,0,0,,
60603,0,0,0,0,0,,
60611,0,0,0,0,0,,
150607,0,0,0,0,0,,
150608,0,0,0,0,0,,
150609,0,0,0,0,0,,
150610,0,0,0,0,0,,
150611,0,0,0,0,0,,
150612,0,0,0,0,0,,
150702,0,0,0,0,0,,
150703,0,0,0,0,0,,
150704,0,0,0,0,0,,
150706,0,0,0,0,0,,
150707,0,0,0,0,0,,
150708,0,0,0,0,0,,
150709,0,0,0,0,0,,
150710,0,0,0,0,0,,
150711,0,0,0,0,0,,
150712,0,0,0,0,0,,
150713,0,0,0,0,0,,
150715,0,0,0,0,0,,
150716,0,0,0,0,0,,
150717,0,0,0,0,0,,
150718,0,0,0,0,0,,
150719,0,0,0,0,0,,
150720,0,0,0,0,0,,
150721,0,0,0,0,0,,
150723,0,0,0,0,0,,
150724,0,0,0,0,0,,
150725,0,0,0,0,0,,
150726,0,0,0,0,0,,
150727,0,0,0,0,0,,
150728,0,0,0,0,0,,
150729,0,0,0,0,0,,
150730,0,0,0,0,0,,
150731,0,0,0,0,0,,
150732,0,0,0,0,0,,
150802,0,0,0,0,0,,
150803,0,0,0,0,0,,
150804,0,0,0,0,0,,
150808,0,0,0,0,0,,
150809,0,0,0,0,0,,
150902,0,0,0,0,0,,
150903,0,0,0,0,0,,
150904,0,0,0,0,0,,
150905,0,0,0,0,0,,
151002,0,0,0,0,0,,
151003,0,0,0,0,0,,
151004,0,0,0,0,0,,
151005,0,0,0,0,0,,
151006,0,0,0,0,0,,
151007,0,0,0,0,0,,
151008,0,0,0,0,0,,
151009,0,0,0,0,0,,
151010,0,0,0,0,0,,
151011,0,0,0,0,0,,
151012,0,0,0,0,0,,
151013,0,0,0,0,0,,
151014,0,0,0,0,0,,
151015,0,0,0,0,0,,
151016,0,0,0,0,0,,
151018,0,0,0,0,0,,
151019,0,0,0,0,0,,
151020,0,0,0,0,0,,
151021,0,0,0,0,0,,
151022,0,0,0,0,0,,
151023,0,0,0,0,0,,
10312,0,0,0,0,0,,
10515,0,0,0,0,0,,
20111,0,0,0,0,0,,
20513,0,0,0,0,0,,
20514,0,0,0,0,0,,
20515,0,0,0,0,0,,
20602,0,0,0,0,0,,
20904,0,0,0,0,0,,
21005,0,0,0,0,0,,
21008,0,0,0,0,0,,
21203,0,0,0,0,0,,
21208,0,0,0,0,0,,
21210,0,0,0,0,0,,
21401,0,0,0,0,0,,
21402,0,0,0,0,0,,
21506,0,0,0,0,0,,
21708,0,0,0,0,0,,
22005,0,0,0,0,0,,
30210,0,0,0,0,0,,
30214,0,0,0,0,0,,
30303,0,0,0,0,0,,
40604,0,0,0,0,0,,
50111,0,0,0,0,0,,
50608,0,0,0,0,0,,
50806,0,0,0,0,0,,
50807,0,0,0,0,0,,
51004,0,0,0,0,0,,
51006,0,0,0,0,0,,
51011,0,0,0,0,0,,
151027,0,0,0,0,0,,
151028,0,0,0,0,0,,
151029,0,0,0,0,0,,
151030,0,0,0,0,0,,
151031,0,0,0,0,0,,
151032,0,0,0,0,0,,
151033,0,0,0,0,0,,
160102,0,0,0,0,0,,
160105,0,0,0,0,0,,
160107,0,0,0,0,0,,
160110,0,0,0,0,0,,
160202,0,0,0,0,0,,
160205,0,0,0,0,0,,
160210,0,0,0,0,0,,
160211,0,0,0,0,0,,
160302,0,0,0,0,0,,
160303,0,0,0,0,0,,
160304,0,0,0,0,0,,
160305,0,0,0,0,0,,
160401,0,0,0,0,0,,
160502,0,0,0,0,0,,
160503,0,0,0,0,0,,
10517,0,0,0,0,0,,
20202,0,0,0,0,0,,
20510,0,0,0,0,0,,
21006,0,0,0,0,0,,
21007,0,0,0,0,0,,
21902,0,0,0,0,0,,
21905,0,0,0,0,0,,
30213,0,0,0,0,0,,
40113,0,0,0,0,0,,
40125,0,0,0,0,0,,
40127,0,0,0,0,0,,
40407,0,0,0,0,0,,
40412,0,0,0,0,0,,
40508,0,0,0,0,0,,
40511,0,0,0,0,0,,
40608,0,0,0,0,0,,
40803,0,0,0,0,0,,
40810,0,0,0,0,0,,
50618,0,0,0,0,0,,
51010,0,0,0,0,0,,
60405,0,0,0,0,0,,
160504,0,0,0,0,0,,
160505,0,0,0,0,0,,
160506,0,0,0,0,0,,
160507,0,0,0,0,0,,
160508,0,0,0,0,0,,
160509,0,0,0,0,0,,
10301,0,0,0,0,0,,
10303,0,0,0,0,0,,
10304,0,0,0,0,0,,
10305,0,0,0,0,0,,
10306,0,0,0,0,0,,
10308,0,0,0,0,0,,
10309,0,0,0,0,0,,
10310,0,0,0,0,0,,
10311,0,0,0,0,0,,
10402,0,0,0,0,0,,
10503,0,0,0,0,0,,
10504,0,0,0,0,0,,
10506,0,0,0,0,0,,
10507,0,0,0,0,0,,
10508,0,0,0,0,0,,
10512,0,0,0,0,0,,
10514,0,0,0,0,0,,
10519,0,0,0,0,0,,
10520,0,0,0,0,0,,
10521,0,0,0,0,0,,
10523,0,0,0,0,0,,
10607,0,0,0,0,0,,
10608,0,0,0,0,0,,
10609,0,0,0,0,0,,
10610,0,0,0,0,0,,
10612,0,0,0,0,0,,
10704,0,0,0,0,0,,
20106,0,0,0,0,0,,
20110,0,0,0,0,0,,
20502,0,0,0,0,0,,
20504,0,0,0,0,0,,
20511,0,0,0,0,0,,
20608,0,0,0,0,0,,
20902,0,0,0,0,0,,
21003,0,0,0,0,0,,
21105,0,0,0,0,0,,
21202,0,0,0,0,0,,
21307,0,0,0,0,0,,
21510,0,0,0,0,0,,
21709,0,0,0,0,0,,
21906,0,0,0,0,0,,
21909,0,0,0,0,0,,
22002,0,0,0,0,0,,
22006,0,0,0,0,0,,
30206,0,0,0,0,0,,
30703,0,0,0,0,0,,
50403,0,0,0,0,0,,
50409,0,0,0,0,0,,
50621,0,0,0,0,0,,
50808,0,0,0,0,0,,
50809,0,0,0,0,0,,
50810,0,0,0,0,0,,
51103,0,0,0,0,0,,
60310,0,0,0,0,0,,
60415,0,0,0,0,0,,
160511,0,0,0,0,0,,
160603,0,0,0,0,0,,
160604,0,0,0,0,0,,
160605,0,0,0,0,0,,
160702,0,0,0,0,0,,
160703,0,0,0,0,0,,
160704,0,0,0,0,0,,
160706,0,0,0,0,0,,
160802,0,0,0,0,0,,
160803,0,0,0,0,0,,
160804,0,0,0,0,0,,
170202,0,0,0,0,0,,
170303,0,0,0,0,0,,
180102,0,0,0,0,0,,
180103,0,0,0,0,0,,
180105,0,0,0,0,0,,
180106,0,0,0,0,0,,
180201,0,0,0,0,0,,
180202,0,0,0,0,0,,
180203,0,0,0,0,0,,
180205,0,0,0,0,0,,
180206,0,0,0,0,0,,
180207,0,0,0,0,0,,
180208,0,0,0,0,0,,
180209,0,0,0,0,0,,
180210,0,0,0,0,0,,
180211,0,0,0,0,0,,
180302,0,0,0,0,0,,
190105,0,0,0,0,0,,
190106,0,0,0,0,0,,
190108,0,0,0,0,0,,
190110,0,0,0,0,0,,
190111,0,0,0,0,0,,
190112,0,0,0,0,0,,
190202,0,0,0,0,0,,
190203,0,0,0,0,0,,
190204,0,0,0,0,0,,
190205,0,0,0,0,0,,
190206,0,0,0,0,0,,
190207,0,0,0,0,0,,
190208,0,0,0,0,0,,
190302,0,0,0,0,0,,
190303,0,0,0,0,0,,
190305,0,0,0,0,0,,
190306,0,0,0,0,0,,
20305,0,0,0,0,0,,
20905,0,0,0,0,0,,
21306,0,0,0,0,0,,
30209,0,0,0,0,0,,
40105,0,0,0,0,0,,
40408,0,0,0,0,0,,
40811,0,0,0,0,0,,
50302,0,0,0,0,0,,
50408,0,0,0,0,0,,
50901,0,0,0,0,0,,
50902,0,0,0,0,0,,
50903,0,0,0,0,0,,
50904,0,0,0,0,0,,
50905,0,0,0,0,0,,
60107,0,0,0,0,0,,
60418,0,0,0,0,0,,
200108,0,0,0,0,0,,
200202,0,0,0,0,0,,
200203,0,0,0,0,0,,
200204,0,0,0,0,0,,
200205,0,0,0,0,0,,
200206,0,0,0,0,0,,
200208,0,0,0,0,0,,
200209,0,0,0,0,0,,
200302,0,0,0,0,0,,
200303,0,0,0,0,0,,
200305,0,0,0,0,0,,
200306,0,0,0,0,0,,
200307,0,0,0,0,0,,
200308,0,0,0,0,0,,
200403,0,0,0,0,0,,
20102,0,0,0,0,0,,
21207,0,0,0,0,0,,
22008,0,0,0,0,0,,
30107,0,0,0,0,0,,
30108,0,0,0,0,0,,
30707,0,0,0,0,0,,
50906,0,0,0,0,0,,
60413,0,0,0,0,0,,
60609,0,0,0,0,0,,
200406,0,0,0,0,0,,
30219,0,0,0,0,0,,
50406,0,0,0,0,0,,
200407,0,0,0,0,0,,
200408,0,0,0,0,0,,
200410,0,0,0,0,0,,
200503,0,0,0,0,0,,
200604,0,0,0,0,0,,
21209,0,0,0,0,0,,
21504,0,0,0,0,0,,
21907,0,0,0,0,0,,
30103,0,0,0,0,0,,
50113,0,0,0,0,0,,
50304,0,0,0,0,0,,
50616,0,0,0,0,0,,
60503,0,0,0,0,0,,
60605,0,0,0,0,0,,
200605,0,0,0,0,0,,
200606,0,0,0,0,0,,
200608,0,0,0,0,0,,
200704,0,0,0,0,0,,
200802,0,0,0,0,0,,
200804,0,0,0,0,0,,
200806,0,0,0,0,0,,
10516,0,0,0,0,0,,
20303,0,0,0,0,0,,
20603,0,0,0,0,0,,
21013,0,0,0,0,0,,
21303,0,0,0,0,0,,
21403,0,0,0,0,0,,
21410,0,0,0,0,0,,
21702,0,0,0,0,0,,
21910,0,0,0,0,0,,
30217,0,0,0,0,0,,
30301,0,0,0,0,0,,
30302,0,0,0,0,0,,
30412,0,0,0,0,0,,
30413,0,0,0,0,0,,
30604,0,0,0,0,0,,
40202,0,0,0,0,0,,
40203,0,0,0,0,0,,
40808,0,0,0,0,0,,
50102,0,0,0,0,0,,
50202,0,0,0,0,0,,
50402,0,0,0,0,0,,
50502,0,0,0,0,0,,
50609,0,0,0,0,0,,
50907,0,0,0,0,0,,
50908,0,0,0,0,0,,
51107,0,0,0,0,0,,
210103,0,0,0,0,0,,
210104,0,0,0,0,0,,
210106,0,0,0,0,0,,
210107,0,0,0,0,0,,
210108,0,0,0,0,0,,
210109,0,0,0,0,0,,
210110,0,0,0,0,0,,
210111,0,0,0,0,0,,
210112,0,0,0,0,0,,
210113,0,0,0,0,0,,
210114,0,0,0,0,0,,
210115,0,0,0,0,0,,
210202,0,0,0,0,0,,
210204,0,0,0,0,0,,
210205,0,0,0,0,0,,
210206,0,0,0,0,0,,
210207,0,0,0,0,0,,
210208,0,0,0,0,0,,
210210,0,0,0,0,0,,
210213,0,0,0,0,0,,
10603,0,0,0,0,0,,
20302,0,0,0,0,0,,
21908,0,0,0,0,0,,
30203,0,0,0,0,0,,
30207,0,0,0,0,0,,
30208,0,0,0,0,0,,
30211,0,0,0,0,0,,
30306,0,0,0,0,0,,
30307,0,0,0,0,0,,
30403,0,0,0,0,0,,
30404,0,0,0,0,0,,
30414,0,0,0,0,0,,
30415,0,0,0,0,0,,
30416,0,0,0,0,0,,
30417,0,0,0,0,0,,
30502,0,0,0,0,0,,
30602,0,0,0,0,0,,
40603,0,0,0,0,0,,
50103,0,0,0,0,0,,
50909,0,0,0,0,0,,
50910,0,0,0,0,0,,
210214,0,0,0,0,0,,
210215,0,0,0,0,0,,
210302,0,0,0,0,0,,
210304,0,0,0,0,0,,
210305,0,0,0,0,0,,
210306,0,0,0,0,0,,
210307,0,0,0,0,0,,
210310,0,0,0,0,0,,
210403,0,0,0,0,0,,
210405,0,0,0,0,0,,
210406,0,0,0,0,0,,
210502,0,0,0,0,0,,
210505,0,0,0,0,0,,
210602,0,0,0,0,0,,
210603,0,0,0,0,0,,
210604,0,0,0,0,0,,
210606,0,0,0,0,0,,
210607,0,0,0,0,0,,
210608,0,0,0,0,0,,
210702,0,0,0,0,0,,
210703,0,0,0,0,0,,
210704,0,0,0,0,0,,
210705,0,0,0,0,0,,
210706,0,0,0,0,0,,
210707,0,0,0,0,0,,
210708,0,0,0,0,0,,
210709,0,0,0,0,0,,
210710,0,0,0,0,0,,
210802,0,0,0,0,0,,
210803,0,0,0,0,0,,
210804,0,0,0,0,0,,
210805,0,0,0,0,0,,
210806,0,0,0,0,0,,
210807,0,0,0,0,0,,
210808,0,0,0,0,0,,
210809,0,0,0,0,0,,
210901,0,0,0,0,0,,
210902,0,0,0,0,0,,
210903,0,0,0,0,0,,
210904,0,0,0,0,0,,
211001,0,0,0,0,0,,
211003,0,0,0,0,0,,
211004,0,0,0,0,0,,
211005,0,0,0,0,0,,
211104,1,1,1,0,0,,
211202,0,0,0,0,0,,
211204,0,0,0,0,0,,
211205,0,0,0,0,0,,
211206,0,0,0,0,0,,
20204,0,0,0,0,0,,
20604,0,0,0,0,0,,
20907,0,0,0,0,0,,
21015,0,0,0,0,0,,
21408,0,0,0,0,0,,
21602,0,0,0,0,0,,
22004,0,0,0,0,0,,
30504,0,0,0,0,0,,
30606,0,0,0,0,0,,
40205,0,0,0,0,0,,
40206,0,0,0,0,0,,
40507,0,0,0,0,0,,
40513,0,0,0,0,0,,
50911,0,0,0,0,0,,
60610,0,0,0,0,0,,
211207,0,0,0,0,0,,
211209,0,0,0,0,0,,
211302,0,0,0,0,0,,
211303,0,0,0,0,0,,
211304,0,0,0,0,0,,
211305,0,0,0,0,0,,
211306,0,0,0,0,0,,
211307,0,0,0,0,0,,
220102,0,0,0,0,0,,
220103,0,0,0,0,0,,
220106,0,0,0,0,0,,
220202,0,0,0,0,0,,
220203,0,0,0,0,0,,
220204,0,0,0,0,0,,
220205,0,0,0,0,0,,
220206,0,0,0,0,0,,
220302,0,0,0,0,0,,
220304,0,0,0,0,0,,
220305,0,0,0,0,0,,
220402,0,0,0,0,0,,
220403,0,0,0,0,0,,
220404,0,0,0,0,0,,
220405,0,0,0,0,0,,
220406,0,0,0,0,0,,
220502,0,0,0,0,0,,
220503,0,0,0,0,0,,
220505,0,0,0,0,0,,
220506,0,0,0,0,0,,
220507,0,0,0,0,0,,
220508,0,0,0,0,0,,
220509,0,0,0,0,0,,
220511,0,0,0,0,0,,
220602,0,0,0,0,0,,
220603,0,0,0,0,0,,
220604,0,0,0,0,0,,
220605,0,0,0,0,0,,
10707,0,0,0,0,0,,
20605,0,0,0,0,0,,
20611,0,0,0,0,0,,
21508,0,0,0,0,0,,
30607,0,0,0,0,0,,
40207,0,0,0,0,0,,
40310,0,0,0,0,0,,
40518,0,0,0,0,0,,
220702,0,0,0,0,0,,
220703,0,0,0,0,0,,
220704,0,0,0,0,0,,
220706,0,0,0,0,0,,
220708,0,0,0,0,0,,
220709,0,0,0,0,0,,
220710,0,0,0,0,0,,
220802,0,0,0,0,0,,
30220,0,0,0,0,0,,
30610,0,0,0,0,0,,
40305,0,0,0,0,0,,
50201,0,0,0,0,0,,
50506,0,0,0,0,0,,
60305,0,0,0,0,0,,
60403,0,0,0,0,0,,
220806,0,0,0,0,0,,
220808,0,0,0,0,0,,
10705,0,0,0,0,0,,
20610,0,0,0,0,0,,
21102,0,0,0,0,0,,
30218,0,0,0,0,0,,
50105,0,0,0,0,0,,
50112,0,0,0,0,0,,
50205,0,0,0,0,0,,
50206,0,0,0,0,0,,
50504,0,0,0,0,0,,
51001,0,0,0,0,0,,
51002,0,0,0,0,0,,
220902,0,0,0,0,0,,
220903,0,0,0,0,0,,
220905,0,0,0,0,0,,
220906,0,0,0,0,0,,
220907,0,0,0,0,0,,
220908,0,0,0,0,0,,
220910,0,0,0,0,0,,
220911,0,0,0,0,0,,
220912,0,0,0,0,0,,
220914,0,0,0,0,0,,
221003,0,0,0,0,0,,
221004,0,0,0,0,0,,
230103,0,0,0,0,0,,
230105,0,0,0,0,0,,
230106,0,0,0,0,0,,
230107,0,0,0,0,0,,
230111,0,0,0,0,0,,
230202,0,0,0,0,0,,
230203,0,0,0,0,0,,
230204,0,0,0,0,0,,
230205,0,0,0,0,0,,
230206,0,0,0,0,0,,
230402,0,0,0,0,0,,
230403,0,0,0,0,0,,
230404,0,0,0,0,0,,
230405,0,0,0,0,0,,
230406,0,0,0,0,0,,
230407,0,0,0,0,0,,
240105,0,0,0,0,0,,
240106,0,0,0,0,0,,
240202,0,0,0,0,0,,
240303,0,0,0,0,0,,
240304,0,0,0,0,0,,
250104,0,0,0,0,0,,
250202,0,0,0,0,0,,
250204,0,0,0,0,0,,